item_id,tipo,Substitute_Product_ID,Substitute_Supplier_ID,score,precio,disponibilidad,lead_time,prioridad,lead_time_bucket
1141,externo,1007.0,,0.7192334902591692,,,,,
1162,externo,1163.0,,0.8172660546094239,,,,,
1163,externo,1162.0,,0.8172660546094239,,,,,
1169,externo,1107.0,,0.9700615712975276,,,,,
1169,externo,1116.0,,0.9664141286510496,,,,,
1169,externo,1170.0,,0.9662480874564388,,,,,
1170,externo,1107.0,,0.9833271910305716,,,,,
1170,externo,1116.0,,0.9796298695015794,,,,,
1170,externo,1169.0,,0.9662480874564388,,,,,
1177,interno,,Laboratorios Ordesa (Colnatur),,74.07169108067372,0.0,4.0,1.0,2-4
1185,interno,,"Biotech Usa, SL",,61.702246324583946,0.0,5.0,1.0,5-7
1411,externo,1771.0,,0.953287701582649,,,,,
1411,externo,1773.0,,0.9520620944609391,,,,,
1411,externo,1770.0,,0.9518425326657411,,,,,
1421,interno,,AMIX LEVANTE S.L.,,52.71,0.0,2.0,1.0,2-4
1427,externo,1428.0,,0.8824404901198221,,,,,
1428,externo,1427.0,,0.8824404901198221,,,,,
1456,externo,1461.0,,0.9440259644869972,,,,,
1456,externo,1457.0,,0.9295706369534829,,,,,
1456,externo,1459.0,,0.9070338280446288,,,,,
1457,externo,1456.0,,0.9295706369534829,,,,,
1457,externo,1461.0,,0.9295706369534829,,,,,
1457,externo,1459.0,,0.8931449398555341,,,,,
1459,externo,1456.0,,0.9070338280446288,,,,,
1459,externo,1461.0,,0.9070338280446288,,,,,
1459,externo,1457.0,,0.8931449398555341,,,,,
1461,externo,1456.0,,0.9440259644869972,,,,,
1461,externo,1457.0,,0.9295706369534829,,,,,
1461,externo,1459.0,,0.9070338280446288,,,,,
1507,externo,1508.0,,0.93866082799853,,,,,
1508,externo,1507.0,,0.93866082799853,,,,,
1569,interno,,"Big Man Nutrition, SL",,7.95807497915428,0.0,12.0,1.0,10-15
1581,externo,1277.0,,0.9524123366575258,,,,,
1665,externo,1666.0,,0.8723678457382961,,,,,
1666,externo,1665.0,,0.8723678457382961,,,,,
1690,externo,1300.0,,0.9340861976801388,,,,,
1690,externo,1282.0,,0.923568044796167,,,,,
1762,interno,,AMIX LEVANTE S.L.,,69.72,0.0,2.0,1.0,2-4
1770,externo,1411.0,,0.9518425326657411,,,,,
1770,externo,1771.0,,0.9370571436078844,,,,,
1770,externo,1773.0,,0.9358524035207648,,,,,
1771,externo,1411.0,,0.953287701582649,,,,,
1771,externo,1773.0,,0.9372732948530672,,,,,
1771,externo,1770.0,,0.9370571436078844,,,,,
1772,externo,1411.0,,0.9048827475361054,,,,,
1772,externo,1771.0,,0.8908268054922104,,,,,
1772,externo,1773.0,,0.8896815020594603,,,,,
1773,externo,1411.0,,0.9520620944609391,,,,,
1773,externo,1771.0,,0.9372732948530672,,,,,
1773,externo,1770.0,,0.9358524035207648,,,,,
1774,externo,1411.0,,0.9081787780228888,,,,,
1774,externo,1771.0,,0.8940716372865407,,,,,
1774,externo,1773.0,,0.8929221620922654,,,,,
1775,externo,1411.0,,0.9203886069749474,,,,,
1775,externo,1771.0,,0.9060918055907606,,,,,
1775,externo,1773.0,,0.9049268765058568,,,,,
1777,externo,1361.0,,0.8746127905327423,,,,,
1777,externo,1363.0,,0.8264248046828618,,,,,
1777,externo,1781.0,,0.7588610602682255,,,,,
1781,externo,1777.0,,0.7588610602682255,,,,,
1781,externo,1361.0,,0.750248096177581,,,,,
1781,externo,1363.0,,0.7089121529649467,,,,,
1783,externo,1353.0,,0.8690235099158741,,,,,
1783,externo,1307.0,,0.8613860872187777,,,,,
1783,externo,1340.0,,0.7595057891772046,,,,,
1785,externo,1362.0,,0.9013479811543658,,,,,
1788,externo,1373.0,,0.9420812143061256,,,,,
1788,externo,1378.0,,0.9274517086589038,,,,,
1788,externo,1369.0,,0.8998153592588285,,,,,
1789,externo,1378.0,,0.8741266826874529,,,,,
1789,externo,1373.0,,0.8711405843601578,,,,,
1789,externo,1788.0,,0.8677270624735656,,,,,
1791,externo,1378.0,,0.8961109425619138,,,,,
1791,externo,1373.0,,0.8930497439511724,,,,,
1791,externo,1788.0,,0.8895503720914261,,,,,
1795,externo,1375.0,,0.9188986489256048,,,,,
1895,externo,1854.0,,0.9175838171896262,,,,,
1895,externo,1848.0,,0.8514442219159262,,,,,
1895,externo,1844.0,,0.7922814508009173,,,,,
1896,externo,1848.0,,0.8163450952292175,,,,,
1896,externo,1854.0,,0.783185779063273,,,,,
1896,externo,1844.0,,0.7596211939133715,,,,,
1912,externo,1914.0,,0.9139200479737414,,,,,
1912,externo,1913.0,,0.8645008505943401,,,,,
1913,externo,1912.0,,0.8645008505943401,,,,,
1913,externo,1914.0,,0.8179239547435692,,,,,
1914,externo,1912.0,,0.9139200479737414,,,,,
1914,externo,1913.0,,0.8179239547435692,,,,,
1916,externo,1918.0,,0.8232815518226784,,,,,
1916,externo,1917.0,,0.7542799597741195,,,,,
1917,externo,1916.0,,0.7542799597741195,,,,,
1917,externo,1918.0,,0.7112562982328205,,,,,
1918,externo,1916.0,,0.8232815518226784,,,,,
1918,externo,1917.0,,0.7112562982328205,,,,,
1927,externo,1928.0,,0.9631400507063272,,,,,
1927,externo,1929.0,,0.9003721728386896,,,,,
1928,externo,1927.0,,0.9631400507063272,,,,,
1928,externo,1929.0,,0.9163556985642722,,,,,
1929,externo,1928.0,,0.9163556985642722,,,,,
1929,externo,1927.0,,0.9003721728386896,,,,,
1947,externo,1950.0,,0.9577826635260132,,,,,
1947,externo,1948.0,,0.8902332197546503,,,,,
1947,externo,1949.0,,0.7395903257336549,,,,,
1948,externo,1947.0,,0.8902332197546503,,,,,
1948,externo,1950.0,,0.8526499443759474,,,,,
1948,externo,1949.0,,0.7797082882408398,,,,,
1949,externo,1948.0,,0.7797082882408398,,,,,
1949,externo,1947.0,,0.7395903257336549,,,,,
1949,externo,1950.0,,0.7083667920992515,,,,,
1950,externo,1947.0,,0.9577826635260132,,,,,
1950,externo,1948.0,,0.8526499443759474,,,,,
1950,externo,1949.0,,0.7083667920992515,,,,,
1981,externo,1995.0,,0.7029180598350825,,,,,
1993,externo,1995.0,,0.8781667543966338,,,,,
1995,externo,1993.0,,0.8781667543966338,,,,,
1995,externo,1981.0,,0.7029180598350825,,,,,
2001,externo,2005.0,,0.7460273056786398,,,,,
2005,externo,2001.0,,0.7460273056786398,,,,,
2057,externo,2063.0,,0.8093600507603695,,,,,
2057,externo,2065.0,,0.734064728585735,,,,,
2057,interno,,NASKORSPORTS,,34.29725387366542,0.0,2.0,1.0,2-4
2063,externo,2065.0,,0.9229022492493906,,,,,
2063,externo,2064.0,,0.8559803980620737,,,,,
2063,externo,2057.0,,0.8093600507603695,,,,,
2064,externo,2065.0,,0.8656515776929284,,,,,
2064,externo,2063.0,,0.8559803980620737,,,,,
2065,externo,2063.0,,0.9229022492493906,,,,,
2065,externo,2064.0,,0.8656515776929284,,,,,
2065,externo,2057.0,,0.734064728585735,,,,,
2112,externo,2106.0,,0.9396666639181448,,,,,
2123,externo,2081.0,,0.9457206794803908,,,,,
2123,externo,2124.0,,0.9199076421738416,,,,,
2124,externo,2123.0,,0.9199076421738416,,,,,
2124,externo,2081.0,,0.908569846243547,,,,,
2150,externo,2141.0,,0.8249653701278619,,,,,
2150,externo,2145.0,,0.8045343850522728,,,,,
2150,externo,2146.0,,0.749179948063856,,,,,
2214,externo,2224.0,,0.7221659523531864,,,,,
2217,externo,2224.0,,0.8919785469742937,,,,,
2217,externo,2222.0,,0.760544526091326,,,,,
2218,externo,2224.0,,0.7263270635973023,,,,,
2222,externo,2224.0,,0.8526488990920142,,,,,
2222,externo,2217.0,,0.760544526091326,,,,,
2222,externo,2223.0,,0.7011351225022621,,,,,
2223,externo,2224.0,,0.7644697280763876,,,,,
2223,externo,2222.0,,0.7011351225022621,,,,,
2224,externo,2217.0,,0.8919785469742937,,,,,
2224,externo,2222.0,,0.8526488990920142,,,,,
2224,externo,2223.0,,0.7644697280763876,,,,,
2240,externo,2256.0,,0.7291653714135939,,,,,
2256,externo,2240.0,,0.7291653714135939,,,,,
2257,interno,,"DRASANVI, SL",,57.882354978523445,0.0,4.0,1.0,2-4
2260,externo,2264.0,,0.7329432038653205,,,,,
2260,externo,2162.0,,0.7219204311245284,,,,,
2264,externo,2260.0,,0.7329432038653205,,,,,
2270,externo,2272.0,,0.7535592085505767,,,,,
2272,externo,2270.0,,0.7535592085505767,,,,,
2289,externo,2158.0,,0.8545628343741031,,,,,
2289,externo,2294.0,,0.7852689480437722,,,,,
2289,externo,2295.0,,0.762997653257566,,,,,
2293,externo,2158.0,,0.7437573113052658,,,,,
2293,externo,2294.0,,0.7097251246257732,,,,,
2294,externo,2158.0,,0.9189130587675478,,,,,
2294,externo,2295.0,,0.8204528434715858,,,,,
2294,externo,2298.0,,0.7971254461398524,,,,,
2295,externo,2158.0,,0.8928514353381622,,,,,
2295,externo,2294.0,,0.8204528434715858,,,,,
2295,externo,2298.0,,0.7745178849510489,,,,,
2296,externo,2158.0,,0.7574177227379697,,,,,
2296,externo,2294.0,,0.7227604750810181,,,,,
2298,externo,2158.0,,0.8674655763505663,,,,,
2298,externo,2294.0,,0.7971254461398524,,,,,
2298,externo,2295.0,,0.7745178849510489,,,,,
2299,externo,2158.0,,0.8170332542943957,,,,,
2299,externo,2294.0,,0.7507825268184665,,,,,
2299,externo,2295.0,,0.7294893138157605,,,,,
2338,interno,,"FAES FARMA, SA",,56.02687296286954,0.0,12.0,1.0,10-15
2339,externo,2340.0,,0.905644465218066,,,,,
2339,externo,2377.0,,0.9047698374693774,,,,,
2340,externo,2339.0,,0.905644465218066,,,,,
2340,externo,2377.0,,0.8854545504527771,,,,,
2355,externo,2357.0,,0.9292244193514496,,,,,
2355,externo,2356.0,,0.815106623306354,,,,,
2356,externo,2355.0,,0.815106623306354,,,,,
2356,externo,2357.0,,0.8015711352431676,,,,,
2357,externo,2355.0,,0.9292244193514496,,,,,
2357,externo,2356.0,,0.8015711352431676,,,,,
2374,externo,2375.0,,0.711043118799521,,,,,
2375,externo,2374.0,,0.711043118799521,,,,,
2377,externo,2339.0,,0.9047698374693774,,,,,
2377,externo,2340.0,,0.8854545504527771,,,,,
2385,externo,2387.0,,0.9421598947430474,,,,,
2387,externo,2385.0,,0.9421598947430474,,,,,
2400,externo,2402.0,,0.92876116096767,,,,,
2400,externo,2401.0,,0.8140954039363462,,,,,
2401,externo,2400.0,,0.8140954039363462,,,,,
2401,externo,2402.0,,0.800488798577162,,,,,
2402,externo,2400.0,,0.92876116096767,,,,,
2402,externo,2401.0,,0.800488798577162,,,,,
2431,externo,2433.0,,0.8691604411952442,,,,,
2431,externo,2432.0,,0.7574433901866295,,,,,
2432,externo,2431.0,,0.7574433901866295,,,,,
2433,externo,2431.0,,0.8691604411952442,,,,,
2468,externo,2469.0,,0.9362878582833124,,,,,
2468,externo,2473.0,,0.9308826244413452,,,,,
2468,externo,2471.0,,0.9302204533571126,,,,,
2469,externo,2468.0,,0.9362878582833124,,,,,
2469,externo,2473.0,,0.8715740987513363,,,,,
2469,externo,2471.0,,0.8709541160050629,,,,,
2471,externo,2468.0,,0.9302204533571126,,,,,
2471,externo,2473.0,,0.915640739135517,,,,,
2471,externo,2469.0,,0.8709541160050629,,,,,
2472,externo,2468.0,,0.8235044337710042,,,,,
2472,externo,2473.0,,0.8105973220629491,,,,,
2472,externo,2471.0,,0.8100207143429923,,,,,
2473,externo,2468.0,,0.9308826244413452,,,,,
2473,externo,2471.0,,0.915640739135517,,,,,
2473,externo,2469.0,,0.8715740987513363,,,,,
2477,interno,,"NUTRINOVEX SPORT INNOVATIONS, SL",,88.95312953862881,0.0,3.0,1.0,2-4
2481,externo,2328.0,,0.7204214854738339,,,,,
2539,externo,2541.0,,0.8135735058721398,,,,,
2541,externo,2539.0,,0.8135735058721398,,,,,
2541,externo,2542.0,,0.7671156461652497,,,,,
2542,externo,2541.0,,0.7671156461652497,,,,,
2554,externo,2555.0,,0.9236062966108524,,,,,
2555,externo,2554.0,,0.9236062966108524,,,,,
2557,externo,2564.0,,0.9425929308452644,,,,,
2557,externo,2558.0,,0.9376397927555198,,,,,
2557,externo,2565.0,,0.878108023589296,,,,,
2558,externo,2557.0,,0.9376397927555198,,,,,
2558,externo,2565.0,,0.9365089135228862,,,,,
2558,externo,2564.0,,0.8838126403305716,,,,,
2560,externo,2557.0,,0.8666785712258549,,,,,
2560,externo,2558.0,,0.8539881599298237,,,,,
2560,externo,2564.0,,0.8169250945525646,,,,,
2561,externo,2557.0,,0.8053343279274972,,,,,
2561,externo,2558.0,,0.7935421546910489,,,,,
2561,externo,2564.0,,0.7591024444714807,,,,,
2564,externo,2557.0,,0.9425929308452644,,,,,
2564,externo,2558.0,,0.8838126403305716,,,,,
2564,externo,2565.0,,0.8276984155537769,,,,,
2565,externo,2558.0,,0.9365089135228862,,,,,
2565,externo,2557.0,,0.878108023589296,,,,,
2565,externo,2564.0,,0.8276984155537769,,,,,
2598,externo,2651.0,,0.8833367530694562,,,,,
2598,externo,2504.0,,0.7471598396714905,,,,,
2641,externo,2642.0,,0.8634759269027847,,,,,
2641,externo,2508.0,,0.8119709634712299,,,,,
2642,externo,2641.0,,0.8634759269027847,,,,,
2642,externo,2508.0,,0.738269585465813,,,,,
2650,externo,2651.0,,0.7962202741567993,,,,,
2651,externo,2598.0,,0.8833367530694562,,,,,
2651,externo,2650.0,,0.7962202741567993,,,,,
2766,externo,2670.0,,0.8045924163283842,,,,,
2766,externo,2664.0,,0.7506407664848491,,,,,
2766,externo,2841.0,,0.7314366962222187,,,,,
2769,externo,3063.0,,0.8933431479353002,,,,,
2770,externo,2684.0,,0.9115110241465748,,,,,
2770,externo,3087.0,,0.8965247445111214,,,,,
2770,externo,3085.0,,0.8164527154308648,,,,,
2775,externo,2718.0,,0.8152190348861251,,,,,
2775,externo,3330.0,,0.7431295248773528,,,,,
2775,externo,3331.0,,0.7298937715634384,,,,,
2778,externo,2657.0,,0.7589759621721772,,,,,
2778,externo,2660.0,,0.7477217897879138,,,,,
2778,externo,2673.0,,0.7222283364927137,,,,,
2786,externo,2924.0,,0.8137264048079135,,,,,
2786,externo,2925.0,,0.7657108037748631,,,,,
2788,externo,3063.0,,0.7339095057891412,,,,,
2792,externo,3086.0,,0.8805131090548803,,,,,
2792,externo,2684.0,,0.7802568668474119,,,,,
2792,externo,2770.0,,0.771966704009271,,,,,
2793,externo,3125.0,,0.8572112739620021,,,,,
2807,externo,2809.0,,0.8474687515690285,,,,,
2809,externo,2807.0,,0.8474687515690285,,,,,
2809,interno,,"DRASANVI, SL",,42.28729305460166,0.0,4.0,1.0,2-4
2813,externo,2657.0,,0.8246637920782885,,,,,
2813,externo,2660.0,,0.8124355939038066,,,,,
2813,externo,2673.0,,0.7847357339406246,,,,,
2814,externo,2657.0,,0.7702066094806277,,,,,
2814,externo,2660.0,,0.7587859079214028,,,,,
2814,externo,2673.0,,0.7329152253107794,,,,,
2820,externo,2657.0,,0.8866348390223653,,,,,
2820,externo,2660.0,,0.8734877278916077,,,,,
2820,externo,2673.0,,0.8437063053102869,,,,,
2822,externo,2657.0,,0.862144012084993,,,,,
2822,externo,2660.0,,0.8057874824855583,,,,,
2822,externo,2673.0,,0.778314288804217,,,,,
2830,externo,2833.0,,0.908854761219512,,,,,
2830,externo,2831.0,,0.8422053590664862,,,,,
2830,externo,2832.0,,0.7719125116909091,,,,,
2831,externo,2833.0,,0.9266666083548984,,,,,
2831,externo,2830.0,,0.8422053590664862,,,,,
2831,externo,2832.0,,0.835205909232799,,,,,
2832,externo,2833.0,,0.8493243856203692,,,,,
2832,externo,2831.0,,0.835205909232799,,,,,
2832,externo,2830.0,,0.7719125116909091,,,,,
2833,externo,2831.0,,0.9266666083548984,,,,,
2833,externo,2830.0,,0.908854761219512,,,,,
2833,externo,2832.0,,0.8493243856203692,,,,,
2836,externo,2837.0,,0.7573072626859378,,,,,
2837,externo,2836.0,,0.7573072626859378,,,,,
2839,externo,2664.0,,0.7209586350059607,,,,,
2839,externo,2841.0,,0.7025139396186577,,,,,
2841,externo,2664.0,,0.890572510208572,,,,,
2841,externo,2845.0,,0.8231589601297323,,,,,
2841,externo,2848.0,,0.8199086791266303,,,,,
2843,externo,2664.0,,0.8904925819617054,,,,,
2843,externo,2841.0,,0.7930482140397486,,,,,
2843,externo,2845.0,,0.7522625079695476,,,,,
2844,externo,2849.0,,0.7503817163057487,,,,,
2844,externo,2664.0,,0.7236645758040626,,,,,
2844,externo,2841.0,,0.705150652792131,,,,,
2845,externo,2664.0,,0.8447712234866183,,,,,
2845,externo,2841.0,,0.8231589601297323,,,,,
2845,externo,2848.0,,0.7777415651993183,,,,,
2848,externo,2664.0,,0.8414356054679151,,,,,
2848,externo,2841.0,,0.8199086791266303,,,,,
2848,externo,2845.0,,0.7777415651993183,,,,,
2849,externo,2844.0,,0.7503817163057487,,,,,
2849,externo,2664.0,,0.7418178520066938,,,,,
2849,externo,2841.0,,0.7228395033903219,,,,,
2855,externo,2856.0,,0.9515283280762828,,,,,
2855,externo,2857.0,,0.951051510515158,,,,,
2855,externo,2858.0,,0.8965126509578266,,,,,
2856,externo,2855.0,,0.9515283280762828,,,,,
2856,externo,2857.0,,0.9405786258860688,,,,,
2856,externo,2858.0,,0.8866403428249953,,,,,
2857,externo,2855.0,,0.951051510515158,,,,,
2857,externo,2856.0,,0.9405786258860688,,,,,
2857,externo,2858.0,,0.8861960410912619,,,,,
2858,externo,2855.0,,0.8965126509578266,,,,,
2858,externo,2856.0,,0.8866403428249953,,,,,
2858,externo,2857.0,,0.8861960410912619,,,,,
2860,externo,2861.0,,0.8390383769219181,,,,,
2860,externo,2862.0,,0.7037099529999239,,,,,
2861,externo,2860.0,,0.8390383769219181,,,,,
2861,externo,2862.0,,0.7103359576900586,,,,,
2862,externo,2861.0,,0.7103359576900586,,,,,
2862,externo,2860.0,,0.7037099529999239,,,,,
2867,externo,2871.0,,0.7224762345030544,,,,,
2871,externo,2867.0,,0.7224762345030544,,,,,
2892,externo,2902.0,,0.7330032677420414,,,,,
2902,externo,2892.0,,0.7330032677420414,,,,,
2922,externo,2924.0,,0.7580656548738947,,,,,
2922,externo,2925.0,,0.7133344309315239,,,,,
2923,externo,2924.0,,0.7668349497179716,,,,,
2923,externo,2925.0,,0.7215862754875353,,,,,
2924,externo,2925.0,,0.8441605441483749,,,,,
2924,externo,2786.0,,0.8137264048079135,,,,,
2924,externo,2923.0,,0.7668349497179716,,,,,
2925,externo,2924.0,,0.8441605441483749,,,,,
2925,externo,2786.0,,0.7657108037748631,,,,,
2925,externo,2923.0,,0.7215862754875353,,,,,
2931,externo,2712.0,,0.7910372425017017,,,,,
2931,interno,,NUTRISPORT S.A.U.,,51.03735298938356,0.0,5.0,1.0,5-7
2944,externo,2949.0,,0.8734018520674357,,,,,
2949,externo,2944.0,,0.8734018520674357,,,,,
3012,externo,3013.0,,0.9406603224150212,,,,,
3012,externo,3014.0,,0.9274236716336104,,,,,
3012,externo,3015.0,,0.8636608618718531,,,,,
3013,externo,3012.0,,0.9406603224150212,,,,,
3013,externo,3014.0,,0.940084628354246,,,,,
3013,externo,3015.0,,0.8754513446122878,,,,,
3014,externo,3013.0,,0.940084628354246,,,,,
3014,externo,3012.0,,0.9274236716336104,,,,,
3014,externo,3015.0,,0.8631322922948702,,,,,
3015,externo,3013.0,,0.8754513446122878,,,,,
3015,externo,3012.0,,0.8636608618718531,,,,,
3015,externo,3014.0,,0.8631322922948702,,,,,
3017,externo,3013.0,,0.8450917582627704,,,,,
3017,externo,3012.0,,0.8337101551032098,,,,,
3017,externo,3014.0,,0.8331999156753698,,,,,
3030,externo,2693.0,,0.7487482801212241,,,,,
3030,externo,3032.0,,0.7281290496705781,,,,,
3030,externo,3040.0,,0.7272251777584781,,,,,
3031,externo,2693.0,,0.7660117133497173,,,,,
3031,externo,3032.0,,0.7449170778563379,,,,,
3031,externo,3040.0,,0.743992365919872,,,,,
3032,externo,2693.0,,0.8779829245770073,,,,,
3032,externo,3040.0,,0.8527449148745281,,,,,
3032,externo,3043.0,,0.8039975378889699,,,,,
3034,externo,2693.0,,0.7447628680781246,,,,,
3034,externo,3032.0,,0.724253388970539,,,,,
3034,externo,3040.0,,0.7233543281573082,,,,,
3035,externo,2693.0,,0.8050570234521858,,,,,
3035,externo,3032.0,,0.7828871477634106,,,,,
3035,externo,3040.0,,0.7819153012157039,,,,,
3037,externo,3043.0,,0.8721537722138585,,,,,
3037,externo,2693.0,,0.7210664050908455,,,,,
3037,externo,3032.0,,0.7012094855205196,,,,,
3039,externo,2693.0,,0.7109825039109595,,,,,
3040,externo,2693.0,,0.8768930297222591,,,,,
3040,externo,3032.0,,0.8527449148745281,,,,,
3040,externo,3043.0,,0.8029994856999737,,,,,
3043,externo,3037.0,,0.8721537722138585,,,,,
3043,externo,2693.0,,0.8267652196934314,,,,,
3043,externo,3032.0,,0.8039975378889699,,,,,
3049,externo,2693.0,,0.7997565421585607,,,,,
3049,externo,3032.0,,0.7777326325416876,,,,,
3049,externo,3040.0,,0.7767671846145707,,,,,
3055,externo,2693.0,,0.7326272766363201,,,,,
3063,externo,2769.0,,0.8933431479353002,,,,,
3063,externo,2788.0,,0.7339095057891412,,,,,
3078,externo,3079.0,,0.7933850316399095,,,,,
3079,externo,3078.0,,0.7933850316399095,,,,,
3085,externo,2684.0,,0.8252206142604531,,,,,
3085,externo,2770.0,,0.8164527154308648,,,,,
3085,externo,3087.0,,0.8116530472660479,,,,,
3086,externo,2792.0,,0.8805131090548803,,,,,
3086,externo,2684.0,,0.8570341634053368,,,,,
3086,externo,2770.0,,0.7811960880142014,,,,,
3087,externo,2684.0,,0.906152538147582,,,,,
3087,externo,2770.0,,0.8965247445111214,,,,,
3087,externo,3085.0,,0.8116530472660479,,,,,
3096,externo,2706.0,,0.9301743320965672,,,,,
3096,interno,,"Esteller, S.L.",,10.709473938144118,0.0,4.0,1.0,2-4
3108,externo,3111.0,,0.8515580546534267,,,,,
3111,externo,3108.0,,0.8515580546534267,,,,,
3125,externo,2793.0,,0.8572112739620021,,,,,
3143,externo,9965.0,,0.7321786942985022,,,,,
3150,externo,3151.0,,0.7865520984221361,,,,,
3151,externo,3150.0,,0.7865520984221361,,,,,
3160,externo,3164.0,,0.8379682635061286,,,,,
3160,externo,3165.0,,0.818294534409138,,,,,
3160,externo,3161.0,,0.7798428991269537,,,,,
3161,externo,3164.0,,0.8573879209785775,,,,,
3161,externo,3165.0,,0.837258259244388,,,,,
3161,externo,3160.0,,0.7798428991269537,,,,,
3162,externo,3164.0,,0.7387443009095626,,,,,
3162,externo,3165.0,,0.721400141373938,,,,,
3164,externo,3165.0,,0.8996630608429356,,,,,
3164,externo,3161.0,,0.8573879209785775,,,,,
3164,externo,3160.0,,0.8379682635061286,,,,,
3165,externo,3164.0,,0.8996630608429356,,,,,
3165,externo,3161.0,,0.837258259244388,,,,,
3165,externo,3160.0,,0.818294534409138,,,,,
3166,externo,3164.0,,0.8379682635061286,,,,,
3166,externo,3165.0,,0.818294534409138,,,,,
3166,externo,3161.0,,0.7798428991269537,,,,,
3167,externo,3164.0,,0.7502708531651956,,,,,
3167,externo,3165.0,,0.7326560744708563,,,,,
3169,externo,3164.0,,0.7413641432059199,,,,,
3169,externo,3165.0,,0.7239584752935943,,,,,
3171,externo,3177.0,,0.8166406435230414,,,,,
3171,externo,3164.0,,0.8033208669555453,,,,,
3171,externo,3165.0,,0.7844605857220812,,,,,
3172,externo,3164.0,,0.7770717331349466,,,,,
3176,externo,3178.0,,0.7202442970915485,,,,,
3177,externo,3171.0,,0.8166406435230414,,,,,
3177,externo,3164.0,,0.7673925718157394,,,,,
3177,externo,3165.0,,0.7493758112456234,,,,,
3178,externo,3164.0,,0.7302457540841407,,,,,
3178,externo,3176.0,,0.7202442970915485,,,,,
3178,externo,3165.0,,0.7131011225202104,,,,,
3179,externo,3164.0,,0.764785114523981,,,,,
3179,externo,3165.0,,0.7468295715567553,,,,,
3179,externo,3161.0,,0.7117360727052866,,,,,
3267,externo,3269.0,,0.8996847001198356,,,,,
3269,externo,3267.0,,0.8996847001198356,,,,,
3283,externo,3284.0,,0.91293509199053,,,,,
3284,externo,3283.0,,0.91293509199053,,,,,
3301,externo,3305.0,,0.7249260187184812,,,,,
3305,externo,3301.0,,0.7249260187184812,,,,,
3317,externo,3318.0,,0.8513483288886117,,,,,
3318,externo,3317.0,,0.8513483288886117,,,,,
3322,externo,2736.0,,0.8559979459250857,,,,,
3330,externo,2718.0,,0.8117745184641735,,,,,
3330,externo,2775.0,,0.7431295248773528,,,,,
3330,externo,3331.0,,0.7268097769867148,,,,,
3331,externo,2718.0,,0.7973161408688453,,,,,
3331,externo,2775.0,,0.7298937715634384,,,,,
3331,externo,3330.0,,0.7268097769867148,,,,,
3408,externo,3386.0,,0.98726701244026,,,,,
3415,externo,3417.0,,0.8920734677156289,,,,,
3417,externo,3415.0,,0.8920734677156289,,,,,
3480,externo,3481.0,,0.7524606932846345,,,,,
3481,externo,3480.0,,0.7524606932846345,,,,,
3500,externo,3502.0,,0.7263399032628943,,,,,
3502,externo,3500.0,,0.7263399032628943,,,,,
3539,externo,3544.0,,0.7025864860232116,,,,,
3544,externo,3539.0,,0.7025864860232116,,,,,
3567,interno,,"DRASANVI, SL",,70.10333333333334,0.0,4.0,1.0,2-4
3748,interno,,"DRASANVI, SL",,78.00666666666666,0.0,4.0,1.0,2-4
3937,externo,3938.0,,0.8766054566528401,,,,,
3937,externo,3875.0,,0.8622470291552,,,,,
3937,externo,3868.0,,0.8601900797813171,,,,,
3938,externo,3875.0,,0.9133783367989016,,,,,
3938,externo,3868.0,,0.9111994101868404,,,,,
3938,externo,3869.0,,0.9049573609153052,,,,,
3939,externo,3938.0,,0.8621198989045034,,,,,
3939,externo,3875.0,,0.8479987387306221,,,,,
3939,externo,3868.0,,0.845975779629917,,,,,
3953,interno,,NASKORSPORTS,,72.56883144188667,0.0,2.0,1.0,2-4
3974,interno,,"Esteller, S.L.",,55.27686099810399,0.0,4.0,1.0,2-4
4045,externo,4042.0,,0.8713499616035003,,,,,
4045,externo,4050.0,,0.8472095095767097,,,,,
4045,externo,4048.0,,0.768230803963235,,,,,
4048,externo,4042.0,,0.8296472684729148,,,,,
4048,externo,4050.0,,0.8007664014140505,,,,,
4048,externo,4045.0,,0.768230803963235,,,,,
4050,externo,4042.0,,0.9149399527049332,,,,,
4050,externo,4045.0,,0.8472095095767097,,,,,
4050,externo,4048.0,,0.8007664014140505,,,,,
4057,externo,4059.0,,0.85716777972223,,,,,
4057,externo,4058.0,,0.8500341194547087,,,,,
4057,externo,4055.0,,0.8341809429990314,,,,,
4058,externo,4059.0,,0.8894438434300307,,,,,
4058,externo,4055.0,,0.8655914531663582,,,,,
4058,externo,4057.0,,0.8500341194547087,,,,,
4059,externo,4058.0,,0.8894438434300307,,,,,
4059,externo,4055.0,,0.8728556737617856,,,,,
4059,externo,4057.0,,0.85716777972223,,,,,
4069,externo,4067.0,,0.9139118024376616,,,,,
4120,externo,4121.0,,0.9388671714710596,,,,,
4121,externo,4120.0,,0.9388671714710596,,,,,
4123,externo,4113.0,,0.8493049832045225,,,,,
4195,externo,4159.0,,0.9334332518568836,,,,,
4195,externo,4185.0,,0.9194733621443654,,,,,
4201,externo,4157.0,,0.8829444596477859,,,,,
4201,externo,4168.0,,0.8600561554460261,,,,,
4201,externo,4177.0,,0.8594579112585163,,,,,
4202,externo,4157.0,,0.8218920997142519,,,,,
4202,externo,4153.0,,0.81211689426603,,,,,
4202,externo,4177.0,,0.8000295597098698,,,,,
4220,externo,4146.0,,0.8550490762623854,,,,,
4220,externo,4157.0,,0.824541264726025,,,,,
4220,externo,4153.0,,0.8147345513313641,,,,,
4222,externo,4157.0,,0.908277393328734,,,,,
4222,externo,4177.0,,0.8841169824260995,,,,,
4222,externo,4201.0,,0.85917417954089,,,,,
4223,externo,4157.0,,0.7879751672272991,,,,,
4223,externo,4177.0,,0.7670148262993891,,,,,
4223,externo,4222.0,,0.766761612696652,,,,,
4225,externo,4157.0,,0.7387660892831115,,,,,
4225,externo,4177.0,,0.7191147224109292,,,,,
4225,externo,4222.0,,0.7188773220069221,,,,,
4234,externo,4235.0,,0.7447033939877084,,,,,
4235,externo,4234.0,,0.7447033939877084,,,,,
4244,externo,4245.0,,0.9676833729592766,,,,,
4244,externo,4246.0,,0.9673589356386236,,,,,
4245,externo,4244.0,,0.9676833729592766,,,,,
4245,externo,4246.0,,0.9602466283632908,,,,,
4246,externo,4244.0,,0.9673589356386236,,,,,
4246,externo,4245.0,,0.9602466283632908,,,,,
4247,externo,4248.0,,0.7188136207661457,,,,,
4248,externo,4247.0,,0.7188136207661457,,,,,
4253,externo,4173.0,,0.8782993066057339,,,,,
4253,externo,4170.0,,0.8777758207284825,,,,,
4253,externo,4254.0,,0.78940227964028,,,,,
4254,externo,4253.0,,0.78940227964028,,,,,
4254,externo,4173.0,,0.7876531806429364,,,,,
4254,externo,4170.0,,0.7871837218683051,,,,,
4257,externo,4258.0,,0.8861703538307218,,,,,
4258,externo,4257.0,,0.8861703538307218,,,,,
4262,externo,4180.0,,0.9206221383233212,,,,,
4266,externo,4183.0,,0.8344281956501337,,,,,
4339,externo,4340.0,,0.9035338346974288,,,,,
4339,externo,4353.0,,0.7291128321088868,,,,,
4340,externo,4339.0,,0.9035338346974288,,,,,
4340,externo,4355.0,,0.7286421111068127,,,,,
4353,externo,4355.0,,0.8886788731060634,,,,,
4353,externo,4339.0,,0.7291128321088868,,,,,
4355,externo,4353.0,,0.8886788731060634,,,,,
4355,externo,4340.0,,0.7286421111068127,,,,,
4362,externo,4293.0,,0.8601391063879565,,,,,
4379,externo,4290.0,,0.7386104848669883,,,,,
4380,externo,4290.0,,0.7382726736061271,,,,,
4381,externo,4290.0,,0.7778007754438847,,,,,
4388,externo,4303.0,,0.8274372618327006,,,,,
4388,externo,4389.0,,0.7585642669968311,,,,,
4388,externo,4391.0,,0.7422402682163255,,,,,
4389,externo,4390.0,,0.8540921259378276,,,,,
4389,externo,4303.0,,0.8263022762083303,,,,,
4389,externo,4391.0,,0.7922192625778329,,,,,
4390,externo,4389.0,,0.8540921259378276,,,,,
4390,externo,4303.0,,0.7445428662986521,,,,,
4391,externo,4303.0,,0.8085205826379817,,,,,
4391,externo,4389.0,,0.7922192625778329,,,,,
4391,externo,4388.0,,0.7422402682163255,,,,,
4421,externo,4425.0,,0.794259174068465,,,,,
4421,externo,4424.0,,0.7793205108080319,,,,,
4421,externo,4422.0,,0.7428100105583741,,,,,
4422,externo,4425.0,,0.8739963540380217,,,,,
4422,externo,4424.0,,0.8575579701324996,,,,,
4422,externo,4423.0,,0.8067536149758763,,,,,
4423,externo,4425.0,,0.8626316969339397,,,,,
4423,externo,4424.0,,0.8464070628862612,,,,,
4423,externo,4422.0,,0.8067536149758763,,,,,
4424,externo,4425.0,,0.9169549082426404,,,,,
4424,externo,4422.0,,0.8575579701324996,,,,,
4424,externo,4423.0,,0.8464070628862612,,,,,
4425,externo,4424.0,,0.9169549082426404,,,,,
4425,externo,4422.0,,0.8739963540380217,,,,,
4425,externo,4423.0,,0.8626316969339397,,,,,
4442,externo,4443.0,,0.8003491765432353,,,,,
4442,externo,4309.0,,0.7829488839367204,,,,,
4443,externo,4442.0,,0.8003491765432353,,,,,
4443,externo,4309.0,,0.7179756339010555,,,,,
4449,externo,4452.0,,0.9115736389350376,,,,,
4452,externo,4449.0,,0.9115736389350376,,,,,
4501,externo,4505.0,,0.844688606384873,,,,,
4501,externo,4502.0,,0.7400291766983644,,,,,
4502,externo,4505.0,,0.8002079221155417,,,,,
4502,externo,4501.0,,0.7400291766983644,,,,,
4505,externo,4501.0,,0.844688606384873,,,,,
4505,externo,4502.0,,0.8002079221155417,,,,,
4544,externo,4547.0,,0.8627309405630683,,,,,
4547,externo,4544.0,,0.8627309405630683,,,,,
4558,externo,4559.0,,0.9277486747479023,,,,,
4558,externo,4560.0,,0.9044608846853168,,,,,
4558,externo,4555.0,,0.8900126102804378,,,,,
4559,externo,4558.0,,0.9277486747479023,,,,,
4559,externo,4560.0,,0.906090997304046,,,,,
4559,externo,4555.0,,0.891616682730017,,,,,
4560,externo,4559.0,,0.906090997304046,,,,,
4560,externo,4558.0,,0.9044608846853168,,,,,
4560,externo,4555.0,,0.86923585623155,,,,,
4561,externo,4563.0,,0.7436222626262458,,,,,
4563,externo,4561.0,,0.7436222626262458,,,,,
4568,externo,4567.0,,0.8327212084574447,,,,,
4579,externo,4584.0,,0.7489221379474882,,,,,
4584,externo,4579.0,,0.7489221379474882,,,,,
4710,externo,5031.0,,0.7648839941299505,,,,,
4784,externo,4862.0,,0.9546368977155402,,,,,
4786,externo,4864.0,,0.9492646379411656,,,,,
4786,externo,4842.0,,0.8048910733050044,,,,,
4787,externo,4866.0,,0.7505101482994249,,,,,
4792,externo,4794.0,,0.7650242273334333,,,,,
4794,externo,4792.0,,0.7650242273334333,,,,,
4801,interno,,INDIEX (LIFE PRO),,62.77,0.0,5.0,1.0,5-7
4813,externo,4867.0,,0.7195486813537877,,,,,
4815,externo,4817.0,,0.9159146487075333,,,,,
4815,externo,4820.0,,0.7541450886674488,,,,,
4815,externo,4822.0,,0.7473158785263007,,,,,
4817,externo,4815.0,,0.9159146487075333,,,,,
4817,externo,4820.0,,0.8233792195939207,,,,,
4817,externo,4822.0,,0.8159230552550438,,,,,
4819,externo,4817.0,,0.7041016266714843,,,,,
4820,externo,4817.0,,0.8233792195939207,,,,,
4820,externo,4822.0,,0.76609807882432,,,,,
4820,externo,4815.0,,0.7541450886674488,,,,,
4822,externo,4817.0,,0.8159230552550438,,,,,
4822,externo,4820.0,,0.76609807882432,,,,,
4822,externo,4815.0,,0.7473158785263007,,,,,
4823,externo,4817.0,,0.7749985763952911,,,,,
4823,externo,4820.0,,0.7276726851190976,,,,,
4823,externo,4822.0,,0.7210831975585108,,,,,
4825,externo,4653.0,,0.8839306010176314,,,,,
4825,externo,4826.0,,0.7987546306954618,,,,,
4826,externo,4653.0,,0.9036395275555458,,,,,
4826,externo,4825.0,,0.7987546306954618,,,,,
4826,externo,4817.0,,0.7013307243614827,,,,,
4831,externo,4836.0,,0.7368473470847794,,,,,
4831,externo,4838.0,,0.7303550705567154,,,,,
4831,externo,4834.0,,0.7214126127618109,,,,,
4832,externo,4877.0,,0.9227574845353684,,,,,
4832,externo,4836.0,,0.7401194152305722,,,,,
4832,externo,4838.0,,0.7335983088895146,,,,,
4834,externo,4836.0,,0.7629874235023235,,,,,
4834,externo,4838.0,,0.7562648297922286,,,,,
4834,externo,4832.0,,0.7246161409274888,,,,,
4836,externo,4838.0,,0.7724452326839395,,,,,
4836,externo,4834.0,,0.7629874235023235,,,,,
4836,externo,4832.0,,0.7401194152305722,,,,,
4837,externo,4836.0,,0.7194244452813986,,,,,
4837,externo,4838.0,,0.7130856799207104,,,,,
4837,externo,4834.0,,0.7043546683156552,,,,,
4838,externo,4860.0,,0.9155460183389948,,,,,
4838,externo,4836.0,,0.7724452326839395,,,,,
4838,externo,4834.0,,0.7562648297922286,,,,,
4841,externo,4863.0,,0.8679953431989852,,,,,
4842,externo,4864.0,,0.8222170707020431,,,,,
4842,externo,4786.0,,0.8048910733050044,,,,,
4842,externo,4836.0,,0.7057585083168255,,,,,
4843,externo,4844.0,,0.8741244880032674,,,,,
4844,externo,4843.0,,0.8741244880032674,,,,,
4849,externo,4853.0,,0.7511050809825388,,,,,
4849,externo,4851.0,,0.7503509389813828,,,,,
4851,externo,4849.0,,0.7503509389813828,,,,,
4851,externo,4853.0,,0.7352454309629654,,,,,
4853,externo,4849.0,,0.7511050809825388,,,,,
4853,externo,4851.0,,0.7352454309629654,,,,,
4858,externo,4836.0,,0.7203438180463042,,,,,
4860,externo,4838.0,,0.9155460183389948,,,,,
4860,externo,4638.0,,0.7841213382055152,,,,,
4862,externo,4784.0,,0.9546368977155402,,,,,
4863,externo,4841.0,,0.8679953431989852,,,,,
4864,externo,4786.0,,0.9492646379411656,,,,,
4864,externo,4842.0,,0.8222170707020431,,,,,
4866,externo,4787.0,,0.7505101482994249,,,,,
4867,externo,4813.0,,0.7195486813537877,,,,,
4871,externo,4872.0,,0.9248306283487024,,,,,
4872,externo,4871.0,,0.9248306283487024,,,,,
4874,externo,4875.0,,0.7119508580299267,,,,,
4875,externo,4874.0,,0.7119508580299267,,,,,
4877,externo,4832.0,,0.9227574845353684,,,,,
4877,externo,4638.0,,0.7454353329156577,,,,,
4882,externo,4639.0,,0.7053632640483777,,,,,
4913,externo,2501.0,,0.759834031634928,,,,,
4913,externo,4914.0,,0.7588789595924058,,,,,
4914,externo,4913.0,,0.7588789595924058,,,,,
4998,interno,,"Peroxfarma, SA",,69.32408788420894,0.0,4.0,1.0,2-4
5031,externo,4710.0,,0.7648839941299505,,,,,
5036,externo,4689.0,,0.8276637773040052,,,,,
5036,externo,4690.0,,0.7821112172681324,,,,,
5059,interno,,"NUEVA DIETETICA, SL",,29.779174577754755,0.0,4.0,1.0,2-4
5091,externo,5093.0,,0.7297401673852026,,,,,
5093,externo,5091.0,,0.7297401673852026,,,,,
5197,externo,5205.0,,0.7866354417492967,,,,,
5205,externo,5197.0,,0.7866354417492967,,,,,
5207,externo,5182.0,,0.7160410505486269,,,,,
5246,externo,5215.0,,0.9378953895335396,,,,,
5251,interno,,"KEEP GOING, SL",,74.52000000000001,0.0,7.0,1.0,5-7
5311,externo,5314.0,,0.868398219659401,,,,,
5314,externo,5311.0,,0.868398219659401,,,,,
5324,externo,5328.0,,0.8506669771398431,,,,,
5324,externo,5331.0,,0.8231269713623796,,,,,
5328,externo,5331.0,,0.8739142087795191,,,,,
5328,externo,5324.0,,0.8506669771398431,,,,,
5331,externo,5328.0,,0.8739142087795191,,,,,
5331,externo,5324.0,,0.8231269713623796,,,,,
5429,interno,,"NANONEN, SL",,99.61,0.0,7.0,1.0,5-7
5516,externo,5517.0,,0.8579360341076466,,,,,
5517,externo,5516.0,,0.8579360341076466,,,,,
5537,interno,,"NANONEN, SL",,80.25,0.0,7.0,1.0,5-7
5543,externo,5545.0,,0.7355811895433463,,,,,
5545,externo,5543.0,,0.7355811895433463,,,,,
5551,externo,5552.0,,0.9105438409578064,,,,,
5552,externo,5551.0,,0.9105438409578064,,,,,
5682,externo,5683.0,,0.900985517780408,,,,,
5683,externo,5682.0,,0.900985517780408,,,,,
5690,interno,,"NANONEN, SL",,33.015,0.0,7.0,1.0,5-7
5704,externo,5705.0,,0.8740428732828116,,,,,
5705,externo,5704.0,,0.8740428732828116,,,,,
5718,externo,5719.0,,0.9003469109816483,,,,,
5719,externo,5718.0,,0.9003469109816483,,,,,
5721,externo,5722.0,,0.9192405553220758,,,,,
5722,externo,5721.0,,0.9192405553220758,,,,,
5725,externo,5728.0,,0.9420839719352344,,,,,
5725,externo,5726.0,,0.8178414168793218,,,,,
5725,externo,5727.0,,0.7516907584729691,,,,,
5726,externo,5725.0,,0.8178414168793218,,,,,
5726,externo,5728.0,,0.8070897125476071,,,,,
5727,externo,5725.0,,0.7516907584729691,,,,,
5727,externo,5728.0,,0.7418086999012447,,,,,
5728,externo,5725.0,,0.9420839719352344,,,,,
5728,externo,5726.0,,0.8070897125476071,,,,,
5728,externo,5727.0,,0.7418086999012447,,,,,
5762,externo,5766.0,,0.8490405193308452,,,,,
5766,externo,5762.0,,0.8490405193308452,,,,,
5807,externo,5808.0,,0.8102723212101116,,,,,
5808,externo,5807.0,,0.8102723212101116,,,,,
5819,externo,5820.0,,0.9134062629304408,,,,,
5819,externo,5823.0,,0.8066237492647913,,,,,
5820,externo,5819.0,,0.9134062629304408,,,,,
5820,externo,5823.0,,0.848492563509468,,,,,
5823,externo,5820.0,,0.848492563509468,,,,,
5823,externo,5819.0,,0.8066237492647913,,,,,
5884,externo,5885.0,,0.8948963258124052,,,,,
5884,externo,5887.0,,0.8681729971746246,,,,,
5884,externo,5893.0,,0.7929953228293605,,,,,
5885,externo,5884.0,,0.8948963258124052,,,,,
5885,externo,5887.0,,0.8913485501010845,,,,,
5885,externo,5893.0,,0.8141640359020736,,,,,
5887,externo,5885.0,,0.8913485501010845,,,,,
5887,externo,5884.0,,0.8681729971746246,,,,,
5887,externo,5893.0,,0.7898515290016552,,,,,
5893,externo,5885.0,,0.8141640359020736,,,,,
5893,externo,5884.0,,0.7929953228293605,,,,,
5893,externo,5887.0,,0.7898515290016552,,,,,
5897,externo,5901.0,,0.8635067928491955,,,,,
5897,externo,5900.0,,0.8021861622078349,,,,,
5897,externo,5898.0,,0.7945559509586886,,,,,
5898,externo,5901.0,,0.8321954637201382,,,,,
5898,externo,5897.0,,0.7945559509586886,,,,,
5898,externo,5900.0,,0.7730983598238051,,,,,
5900,externo,5901.0,,0.8401871314952071,,,,,
5900,externo,5897.0,,0.8021861622078349,,,,,
5900,externo,5898.0,,0.7730983598238051,,,,,
5901,externo,5897.0,,0.8635067928491955,,,,,
5901,externo,5900.0,,0.8401871314952071,,,,,
5901,externo,5898.0,,0.8321954637201382,,,,,
5972,externo,5974.0,,0.8126913147568439,,,,,
5974,externo,5972.0,,0.8126913147568439,,,,,
5989,externo,5990.0,,0.8577090371180609,,,,,
5989,externo,5991.0,,0.8240891251678684,,,,,
5990,externo,5991.0,,0.8705735444791193,,,,,
5990,externo,5989.0,,0.8577090371180609,,,,,
5991,externo,5990.0,,0.8705735444791193,,,,,
5991,externo,5989.0,,0.8240891251678684,,,,,
6004,externo,5995.0,,0.7983929604463277,,,,,
6004,externo,5997.0,,0.7946921896249746,,,,,
6004,externo,6001.0,,0.7827186490368506,,,,,
6012,externo,6013.0,,0.8403284838941125,,,,,
6013,externo,6012.0,,0.8403284838941125,,,,,
6021,externo,6022.0,,0.9060502162380852,,,,,
6022,externo,6021.0,,0.9060502162380852,,,,,
6024,externo,6026.0,,0.8718130081280351,,,,,
6026,externo,6024.0,,0.8718130081280351,,,,,
6057,externo,6059.0,,0.7686151784034951,,,,,
6058,externo,6059.0,,0.9021047443821144,,,,,
6058,externo,6060.0,,0.8086574263530143,,,,,
6059,externo,6058.0,,0.9021047443821144,,,,,
6059,externo,6060.0,,0.8964118982734033,,,,,
6059,externo,6057.0,,0.7686151784034951,,,,,
6060,externo,6059.0,,0.8964118982734033,,,,,
6060,externo,6058.0,,0.8086574263530143,,,,,
6062,externo,6068.0,,0.8658953901177346,,,,,
6062,externo,6065.0,,0.8474312537198806,,,,,
6062,externo,6067.0,,0.7670502373903796,,,,,
6065,externo,6062.0,,0.8474312537198806,,,,,
6065,externo,6068.0,,0.7996761062323027,,,,,
6065,externo,6067.0,,0.7083901290172014,,,,,
6067,externo,6062.0,,0.7670502373903796,,,,,
6067,externo,6068.0,,0.7238247874719752,,,,,
6067,externo,6065.0,,0.7083901290172014,,,,,
6068,externo,6062.0,,0.8658953901177346,,,,,
6068,externo,6065.0,,0.7996761062323027,,,,,
6068,externo,6067.0,,0.7238247874719752,,,,,
6070,externo,6071.0,,0.738043829893908,,,,,
6070,externo,6044.0,,0.7341683148041831,,,,,
6071,externo,6044.0,,0.7453377577865234,,,,,
6071,externo,6070.0,,0.738043829893908,,,,,
6071,externo,6074.0,,0.7065076885454973,,,,,
6074,externo,6071.0,,0.7065076885454973,,,,,
6074,externo,6044.0,,0.7027977717396643,,,,,
6078,externo,6039.0,,0.947301532827493,,,,,
6078,externo,6079.0,,0.8689393817941071,,,,,
6079,externo,6039.0,,0.8798360224489015,,,,,
6079,externo,6078.0,,0.8689393817941071,,,,,
6082,externo,6084.0,,0.8359591266084712,,,,,
6083,externo,6084.0,,0.7184533186441013,,,,,
6084,externo,6082.0,,0.8359591266084712,,,,,
6084,externo,6083.0,,0.7184533186441013,,,,,
6101,externo,6103.0,,0.7515201088547683,,,,,
6103,externo,6101.0,,0.7515201088547683,,,,,
6137,externo,6138.0,,0.814492410408315,,,,,
6138,externo,6137.0,,0.814492410408315,,,,,
6174,externo,6182.0,,0.7472391136219543,,,,,
6175,externo,6202.0,,0.8779634090229553,,,,,
6175,externo,6201.0,,0.8745801107801794,,,,,
6175,externo,6199.0,,0.8463670523297397,,,,,
6182,externo,6174.0,,0.7472391136219543,,,,,
6182,externo,6184.0,,0.7436506381894641,,,,,
6182,externo,6189.0,,0.7076473571609464,,,,,
6184,externo,6182.0,,0.7436506381894641,,,,,
6189,externo,6182.0,,0.7076473571609464,,,,,
6199,externo,6202.0,,0.8560172086280096,,,,,
6199,externo,6175.0,,0.8463670523297397,,,,,
6199,externo,6201.0,,0.8181013824743821,,,,,
6200,externo,6202.0,,0.8120554773499586,,,,,
6200,externo,6175.0,,0.8029009157356506,,,,,
6200,externo,6199.0,,0.7828310310309687,,,,,
6201,externo,6175.0,,0.8745801107801794,,,,,
6201,externo,6202.0,,0.8486425324644726,,,,,
6201,externo,6199.0,,0.8181013824743821,,,,,
6202,externo,6175.0,,0.8779634090229553,,,,,
6202,externo,6199.0,,0.8560172086280096,,,,,
6202,externo,6201.0,,0.8486425324644726,,,,,
6203,externo,6202.0,,0.846616237702694,,,,,
6203,externo,6175.0,,0.8370720615621481,,,,,
6203,externo,6199.0,,0.8161480104920734,,,,,
6210,externo,6212.0,,0.7988918735462351,,,,,
6210,externo,6217.0,,0.7820888163996391,,,,,
6210,externo,6218.0,,0.7820888163996391,,,,,
6212,externo,6210.0,,0.7988918735462351,,,,,
6212,externo,6217.0,,0.7807147230849276,,,,,
6212,externo,6218.0,,0.7807147230849276,,,,,
6215,externo,6210.0,,0.7465535362426418,,,,,
6215,externo,6212.0,,0.7452418767460289,,,,,
6215,externo,6216.0,,0.734469528999509,,,,,
6216,externo,6215.0,,0.734469528999509,,,,,
6217,externo,6210.0,,0.7820888163996391,,,,,
6217,externo,6212.0,,0.7807147230849276,,,,,
6217,externo,6218.0,,0.7642939851333033,,,,,
6218,externo,6210.0,,0.7820888163996391,,,,,
6218,externo,6212.0,,0.7807147230849276,,,,,
6218,externo,6217.0,,0.7642939851333033,,,,,
6221,externo,6222.0,,0.8421647402911927,,,,,
6221,externo,6223.0,,0.8297565262036961,,,,,
6222,externo,6223.0,,0.8632492298484425,,,,,
6222,externo,6221.0,,0.8421647402911927,,,,,
6223,externo,6222.0,,0.8632492298484425,,,,,
6223,externo,6221.0,,0.8297565262036961,,,,,
6227,externo,6231.0,,0.8112339391301369,,,,,
6227,externo,6228.0,,0.7900465011403115,,,,,
6227,externo,6232.0,,0.7555165080225682,,,,,
6228,externo,6231.0,,0.8258206137226163,,,,,
6228,externo,6227.0,,0.7900465011403115,,,,,
6228,externo,6232.0,,0.7691013359250948,,,,,
6231,externo,6232.0,,0.9111291222874098,,,,,
6231,externo,6228.0,,0.8258206137226163,,,,,
6231,externo,6227.0,,0.8112339391301369,,,,,
6232,externo,6231.0,,0.9111291222874098,,,,,
6232,externo,6228.0,,0.7691013359250948,,,,,
6232,externo,6227.0,,0.7555165080225682,,,,,
6233,externo,6234.0,,0.834007863354147,,,,,
6234,externo,6233.0,,0.834007863354147,,,,,
6243,externo,6244.0,,0.921784069706445,,,,,
6243,externo,6250.0,,0.8816322545729998,,,,,
6243,externo,6245.0,,0.7645053131244067,,,,,
6244,externo,6243.0,,0.921784069706445,,,,,
6244,externo,6250.0,,0.8014472001814603,,,,,
6244,externo,6245.0,,0.7509565774217879,,,,,
6245,externo,6250.0,,0.8712757615988322,,,,,
6245,externo,6248.0,,0.8150669073446628,,,,,
6245,externo,6243.0,,0.7645053131244067,,,,,
6246,externo,6250.0,,0.7128373800705172,,,,,
6248,externo,6250.0,,0.8698679930265019,,,,,
6248,externo,6245.0,,0.8150669073446628,,,,,
6248,externo,6243.0,,0.7632700594875774,,,,,
6250,externo,6243.0,,0.8816322545729998,,,,,
6250,externo,6245.0,,0.8712757615988322,,,,,
6250,externo,6248.0,,0.8698679930265019,,,,,
6257,externo,6259.0,,0.9215218378530632,,,,,
6257,externo,6260.0,,0.8328035950934581,,,,,
6259,externo,6257.0,,0.9215218378530632,,,,,
6259,externo,6260.0,,0.8535220911263555,,,,,
6260,externo,6259.0,,0.8535220911263555,,,,,
6260,externo,6257.0,,0.8328035950934581,,,,,
6274,externo,6277.0,,0.8681265719887948,,,,,
6274,externo,6275.0,,0.8565844510288804,,,,,
6274,externo,6276.0,,0.8141854489816864,,,,,
6275,externo,6274.0,,0.8565844510288804,,,,,
6275,externo,6277.0,,0.837102215774102,,,,,
6275,externo,6276.0,,0.825106742110443,,,,,
6276,externo,6275.0,,0.825106742110443,,,,,
6276,externo,6274.0,,0.8141854489816864,,,,,
6276,externo,6277.0,,0.7956675405150713,,,,,
6277,externo,6274.0,,0.8681265719887948,,,,,
6277,externo,6275.0,,0.837102215774102,,,,,
6277,externo,6276.0,,0.7956675405150713,,,,,
6282,externo,6283.0,,0.8786870762516298,,,,,
6282,externo,6284.0,,0.8535727300729883,,,,,
6282,externo,6286.0,,0.7461366257689519,,,,,
6283,externo,6282.0,,0.8786870762516298,,,,,
6283,externo,6284.0,,0.8776024354435643,,,,,
6283,externo,6286.0,,0.7671417992611869,,,,,
6284,externo,6283.0,,0.8776024354435643,,,,,
6284,externo,6282.0,,0.8535727300729883,,,,,
6284,externo,6286.0,,0.7452156036501862,,,,,
6285,externo,6283.0,,0.7600143538415585,,,,,
6285,externo,6282.0,,0.7392043375259236,,,,,
6285,externo,6284.0,,0.7382918725407781,,,,,
6286,externo,6283.0,,0.7671417992611869,,,,,
6286,externo,6282.0,,0.7461366257689519,,,,,
6286,externo,6284.0,,0.7452156036501862,,,,,
6295,externo,6297.0,,0.9064760420198704,,,,,
6295,externo,6301.0,,0.8864439445568071,,,,,
6295,externo,6303.0,,0.8465876327109998,,,,,
6297,externo,6295.0,,0.9064760420198704,,,,,
6297,externo,6301.0,,0.905608169175089,,,,,
6297,externo,6303.0,,0.8648901950466756,,,,,
6298,externo,6297.0,,0.8072262262973752,,,,,
6298,externo,6295.0,,0.7901439326022746,,,,,
6298,externo,6301.0,,0.7893874377466066,,,,,
6300,externo,6297.0,,0.8467689142250359,,,,,
6300,externo,6295.0,,0.8288498293223796,,,,,
6300,externo,6301.0,,0.8280562768996726,,,,,
6301,externo,6297.0,,0.905608169175089,,,,,
6301,externo,6295.0,,0.8864439445568071,,,,,
6301,externo,6303.0,,0.8457770978671658,,,,,
6303,externo,6297.0,,0.8648901950466756,,,,,
6303,externo,6295.0,,0.8465876327109998,,,,,
6303,externo,6301.0,,0.8457770978671658,,,,,
6330,externo,6332.0,,0.8336309195566735,,,,,
6332,externo,6330.0,,0.8336309195566735,,,,,
6384,externo,6388.0,,0.7821464550643178,,,,,
6388,externo,6384.0,,0.7821464550643178,,,,,
6400,externo,6401.0,,0.7192322736955612,,,,,
6401,externo,6400.0,,0.7192322736955612,,,,,
6448,externo,6453.0,,0.7126240332090162,,,,,
6453,externo,6448.0,,0.7126240332090162,,,,,
6488,externo,6489.0,,0.8978019741732476,,,,,
6488,externo,6491.0,,0.8880482260234999,,,,,
6488,externo,6490.0,,0.8876091573850122,,,,,
6489,externo,6491.0,,0.9521819926000809,,,,,
6489,externo,6490.0,,0.9517112149566688,,,,,
6489,externo,6488.0,,0.8978019741732476,,,,,
6490,externo,6489.0,,0.9517112149566688,,,,,
6490,externo,6491.0,,0.9413717951636508,,,,,
6490,externo,6488.0,,0.8876091573850122,,,,,
6491,externo,6489.0,,0.9521819926000809,,,,,
6491,externo,6490.0,,0.9413717951636508,,,,,
6491,externo,6488.0,,0.8880482260234999,,,,,
6492,externo,6489.0,,0.7965914629654306,,,,,
6492,externo,6491.0,,0.787937268909822,,,,,
6492,externo,6490.0,,0.787547697112102,,,,,
6548,externo,6549.0,,0.8198393392710959,,,,,
6549,externo,6548.0,,0.8198393392710959,,,,,
6550,externo,6552.0,,0.8253613191287084,,,,,
6550,externo,6551.0,,0.782451572307667,,,,,
6550,externo,6554.0,,0.7751480065321281,,,,,
6551,externo,6552.0,,0.8168640654925221,,,,,
6551,externo,6554.0,,0.8077622454006026,,,,,
6551,externo,6550.0,,0.782451572307667,,,,,
6552,externo,6550.0,,0.8253613191287084,,,,,
6552,externo,6551.0,,0.8168640654925221,,,,,
6552,externo,6554.0,,0.8092392863456117,,,,,
6554,externo,6552.0,,0.8092392863456117,,,,,
6554,externo,6551.0,,0.8077622454006026,,,,,
6554,externo,6550.0,,0.7751480065321281,,,,,
6555,externo,6552.0,,0.7253574064309879,,,,,
6563,externo,6564.0,,0.8830029579851602,,,,,
6564,externo,6563.0,,0.8830029579851602,,,,,
6571,externo,6572.0,,0.7699523317074386,,,,,
6572,externo,6571.0,,0.7699523317074386,,,,,
6584,externo,6588.0,,0.7824472588683559,,,,,
6588,externo,6584.0,,0.7824472588683559,,,,,
6594,externo,6595.0,,0.7526179378819432,,,,,
6595,externo,6594.0,,0.7526179378819432,,,,,
6620,externo,6621.0,,0.957355577494719,,,,,
6621,externo,6620.0,,0.957355577494719,,,,,
6625,externo,6626.0,,0.9638202709333504,,,,,
6626,externo,6625.0,,0.9638202709333504,,,,,
6627,externo,6628.0,,0.9658259142230362,,,,,
6628,externo,6627.0,,0.9658259142230362,,,,,
6630,externo,6631.0,,0.7724741347386057,,,,,
6631,externo,6630.0,,0.7724741347386057,,,,,
6683,externo,6684.0,,0.7220883857493685,,,,,
6683,externo,6685.0,,0.712090642682342,,,,,
6684,externo,6683.0,,0.7220883857493685,,,,,
6685,externo,6683.0,,0.712090642682342,,,,,
6709,externo,6714.0,,0.949529074626354,,,,,
6709,externo,6711.0,,0.940592364953178,,,,,
6709,externo,6722.0,,0.929490926018976,,,,,
6711,externo,6709.0,,0.940592364953178,,,,,
6711,externo,6722.0,,0.9078822349827916,,,,,
6711,externo,6714.0,,0.8931197978946048,,,,,
6714,externo,6709.0,,0.949529074626354,,,,,
6714,externo,6711.0,,0.8931197978946048,,,,,
6714,externo,6722.0,,0.8825786588563912,,,,,
6717,externo,6709.0,,0.772850073484514,,,,,
6717,externo,6711.0,,0.7548829497743916,,,,,
6717,externo,6722.0,,0.7459733654723675,,,,,
6722,externo,6709.0,,0.929490926018976,,,,,
6722,externo,6711.0,,0.9078822349827916,,,,,
6722,externo,6714.0,,0.8825786588563912,,,,,
6724,externo,6709.0,,0.8356048294678252,,,,,
6724,externo,6711.0,,0.8161787908881383,,,,,
6724,externo,6722.0,,0.8065457560645073,,,,,
6754,interno,,NASKORSPORTS,,79.77,0.0,2.0,1.0,2-4
6770,externo,6776.0,,0.7251811728117528,,,,,
6770,externo,6772.0,,0.7124554449065463,,,,,
6772,externo,6776.0,,0.8071169649553336,,,,,
6772,externo,6777.0,,0.7460932371252444,,,,,
6772,externo,6774.0,,0.7389504526073909,,,,,
6773,externo,6776.0,,0.7357469223512123,,,,,
6773,externo,6772.0,,0.7228357830497995,,,,,
6774,externo,6776.0,,0.7521494287153554,,,,,
6774,externo,6772.0,,0.7389504526073909,,,,,
6776,externo,6772.0,,0.8071169649553336,,,,,
6776,externo,6777.0,,0.7594197961338797,,,,,
6776,externo,6774.0,,0.7521494287153554,,,,,
6777,externo,6776.0,,0.7594197961338797,,,,,
6777,externo,6772.0,,0.7460932371252444,,,,,
6780,externo,6782.0,,0.8098748819037719,,,,,
6782,externo,6780.0,,0.8098748819037719,,,,,
6788,externo,6949.0,,0.8538246797689277,,,,,
6792,externo,6952.0,,0.828489656271345,,,,,
6793,externo,6823.0,,0.7306573853702466,,,,,
6797,externo,6798.0,,0.8978322571946656,,,,,
6797,externo,6807.0,,0.8079373722126484,,,,,
6797,externo,6808.0,,0.8071104412953564,,,,,
6798,externo,6807.0,,0.8998756346058456,,,,,
6798,externo,6808.0,,0.8989546040785221,,,,,
6798,externo,6797.0,,0.8978322571946656,,,,,
6800,externo,6798.0,,0.7405469282918501,,,,,
6800,externo,6826.0,,0.7302566709931928,,,,,
6800,externo,6807.0,,0.7237796208677909,,,,,
6801,externo,6798.0,,0.7475478280603112,,,,,
6801,externo,6807.0,,0.730622007739664,,,,,
6801,externo,6808.0,,0.7298742097693842,,,,,
6803,externo,6798.0,,0.7379409392171719,,,,,
6806,externo,6798.0,,0.7575452920678141,,,,,
6806,externo,6807.0,,0.7403931112748314,,,,,
6806,externo,6808.0,,0.7396353124952225,,,,,
6807,externo,6798.0,,0.8998756346058456,,,,,
6807,externo,6808.0,,0.8786006634557104,,,,,
6807,externo,6797.0,,0.8079373722126484,,,,,
6808,externo,6798.0,,0.8989546040785221,,,,,
6808,externo,6807.0,,0.8786006634557104,,,,,
6808,externo,6797.0,,0.8071104412953564,,,,,
6810,externo,6814.0,,0.904724223658558,,,,,
6810,externo,6811.0,,0.8622244740542768,,,,,
6810,externo,6812.0,,0.811918350900958,,,,,
6811,externo,6810.0,,0.8622244740542768,,,,,
6811,externo,6814.0,,0.842993413111975,,,,,
6811,externo,6812.0,,0.7565198365381144,,,,,
6812,externo,6810.0,,0.811918350900958,,,,,
6812,externo,6814.0,,0.793809318095463,,,,,
6812,externo,6811.0,,0.7565198365381144,,,,,
6813,externo,6810.0,,0.7515338739033207,,,,,
6813,externo,6814.0,,0.7347716569120999,,,,,
6813,externo,6811.0,,0.7002554909706071,,,,,
6814,externo,6810.0,,0.904724223658558,,,,,
6814,externo,6811.0,,0.842993413111975,,,,,
6814,externo,6812.0,,0.793809318095463,,,,,
6816,externo,6810.0,,0.7716906805206486,,,,,
6816,externo,6814.0,,0.7544788859679868,,,,,
6816,externo,6811.0,,0.7190369657708133,,,,,
6823,externo,6833.0,,0.7531200776900441,,,,,
6823,externo,6793.0,,0.7306573853702466,,,,,
6823,externo,6840.0,,0.7216261867160113,,,,,
6824,externo,6833.0,,0.8939034344121493,,,,,
6824,externo,6832.0,,0.8929352055849964,,,,,
6824,externo,6828.0,,0.8523161456865989,,,,,
6825,externo,6824.0,,0.7920685060584055,,,,,
6825,externo,6833.0,,0.7730751305675821,,,,,
6825,externo,6832.0,,0.7722377765557781,,,,,
6826,externo,6800.0,,0.7302566709931928,,,,,
6826,externo,6824.0,,0.7287997668226618,,,,,
6826,externo,6833.0,,0.7113235415681426,,,,,
6828,externo,6824.0,,0.8523161456865989,,,,,
6828,externo,6833.0,,0.8318780642983167,,,,,
6828,externo,6832.0,,0.8309770180649957,,,,,
6829,externo,6824.0,,0.7854096235218295,,,,,
6829,externo,6833.0,,0.7665759244420733,,,,,
6829,externo,6832.0,,0.7657456100259146,,,,,
6832,externo,6824.0,,0.8929352055849964,,,,,
6832,externo,6833.0,,0.8715231010524616,,,,,
6832,externo,6828.0,,0.8309770180649957,,,,,
6833,externo,6824.0,,0.8939034344121493,,,,,
6833,externo,6832.0,,0.8715231010524616,,,,,
6833,externo,6828.0,,0.8318780642983167,,,,,
6836,externo,6839.0,,0.8207763122963666,,,,,
6836,externo,6850.0,,0.8070319527971224,,,,,
6836,externo,6848.0,,0.8064189867200476,,,,,
6838,externo,6842.0,,0.860477298117905,,,,,
6838,externo,6839.0,,0.7861856062119121,,,,,
6838,externo,6844.0,,0.7178162584489325,,,,,
6839,externo,6850.0,,0.926123161876711,,,,,
6839,externo,6848.0,,0.9254197422915804,,,,,
6839,externo,6841.0,,0.8907277199746344,,,,,
6840,externo,6823.0,,0.7216261867160113,,,,,
6841,externo,6839.0,,0.8907277199746344,,,,,
6841,externo,6850.0,,0.8758119849371291,,,,,
6841,externo,6848.0,,0.8751467782686677,,,,,
6842,externo,6839.0,,0.889446881820759,,,,,
6842,externo,6850.0,,0.8745525951362133,,,,,
6842,externo,6848.0,,0.873888345013801,,,,,
6844,externo,6838.0,,0.7178162584489325,,,,,
6848,externo,6839.0,,0.9254197422915804,,,,,
6848,externo,6850.0,,0.9099230698910732,,,,,
6848,externo,6841.0,,0.8751467782686677,,,,,
6849,externo,6850.0,,0.7732021069176027,,,,,
6849,externo,6838.0,,0.7159609254318792,,,,,
6849,externo,6851.0,,0.7117755759548816,,,,,
6850,externo,6839.0,,0.926123161876711,,,,,
6850,externo,6848.0,,0.9099230698910732,,,,,
6850,externo,6841.0,,0.8758119849371291,,,,,
6851,externo,6912.0,,0.7202998558883194,,,,,
6851,externo,6829.0,,0.7169110224123733,,,,,
6851,externo,6849.0,,0.7117755759548816,,,,,
6852,externo,6841.0,,0.7656088005963967,,,,,
6852,externo,6853.0,,0.763198826033877,,,,,
6852,externo,6838.0,,0.7138278973203426,,,,,
6853,externo,6852.0,,0.763198826033877,,,,,
6853,externo,6848.0,,0.7071395532126027,,,,,
6865,externo,6866.0,,0.7190902232783747,,,,,
6866,externo,6876.0,,0.8071065249921401,,,,,
6866,externo,6865.0,,0.7190902232783747,,,,,
6867,externo,6881.0,,0.8683362326757432,,,,,
6876,externo,6866.0,,0.8071065249921401,,,,,
6881,externo,6867.0,,0.8683362326757432,,,,,
6908,externo,6909.0,,0.7537395494925299,,,,,
6908,externo,6910.0,,0.7352853824219495,,,,,
6909,externo,6910.0,,0.8953237048789917,,,,,
6909,externo,6737.0,,0.8316001514410905,,,,,
6909,externo,6912.0,,0.7538259275130633,,,,,
6910,externo,6909.0,,0.8953237048789917,,,,,
6910,externo,6737.0,,0.8112396858917554,,,,,
6910,externo,6912.0,,0.7353696456079579,,,,,
6912,externo,6909.0,,0.7538259275130633,,,,,
6912,externo,6910.0,,0.7353696456079579,,,,,
6912,externo,6851.0,,0.7202998558883194,,,,,
6917,interno,,Glanbia Nutritionals,,54.040154786257325,0.0,5.0,1.0,5-7
6918,externo,9417.0,,0.7518802321119905,,,,,
6930,externo,6931.0,,0.9160847583687528,,,,,
6931,externo,6930.0,,0.9160847583687528,,,,,
6947,externo,6950.0,,0.92185783745534,,,,,
6947,externo,6948.0,,0.889513077206693,,,,,
6947,externo,6952.0,,0.7865583382398698,,,,,
6948,externo,6947.0,,0.889513077206693,,,,,
6948,externo,6950.0,,0.873763689502547,,,,,
6948,externo,6952.0,,0.7455228861822807,,,,,
6949,externo,6788.0,,0.8538246797689277,,,,,
6949,externo,6947.0,,0.7787159410793782,,,,,
6949,externo,6950.0,,0.7178653934354355,,,,,
6950,externo,6947.0,,0.92185783745534,,,,,
6950,externo,6948.0,,0.873763689502547,,,,,
6950,externo,6952.0,,0.7726318288514191,,,,,
6951,externo,6947.0,,0.7498039903608109,,,,,
6951,externo,6950.0,,0.7365282397856856,,,,,
6951,externo,6948.0,,0.7106860455076769,,,,,
6952,externo,6792.0,,0.828489656271345,,,,,
6952,externo,6947.0,,0.7865583382398698,,,,,
6952,externo,6950.0,,0.7726318288514191,,,,,
6953,externo,6961.0,,0.7203320393753406,,,,,
6961,externo,6953.0,,0.7203320393753406,,,,,
6989,externo,6991.0,,0.8958047716447561,,,,,
6991,externo,6989.0,,0.8958047716447561,,,,,
7006,interno,,"PROFITNESS CENTURY, SL",,51.22744352711735,0.0,4.0,1.0,2-4
7013,externo,7026.0,,0.7289955999763443,,,,,
7022,externo,7026.0,,0.7510271636312956,,,,,
7022,externo,7024.0,,0.7139630616149206,,,,,
7024,externo,7026.0,,0.7303752133154857,,,,,
7024,externo,7022.0,,0.7139630616149206,,,,,
7026,externo,7022.0,,0.7510271636312956,,,,,
7026,externo,7024.0,,0.7303752133154857,,,,,
7026,externo,7013.0,,0.7289955999763443,,,,,
7054,externo,7055.0,,0.7233157179416274,,,,,
7055,externo,7054.0,,0.7233157179416274,,,,,
7058,externo,7065.0,,0.75370506725006,,,,,
7058,externo,7063.0,,0.7228111610170291,,,,,
7059,externo,7063.0,,0.7084402803051151,,,,,
7063,externo,7065.0,,0.7683868558273605,,,,,
7063,externo,7058.0,,0.7228111610170291,,,,,
7063,externo,7059.0,,0.7084402803051151,,,,,
7065,externo,7063.0,,0.7683868558273605,,,,,
7065,externo,7058.0,,0.75370506725006,,,,,
7072,externo,7074.0,,0.8433988197243212,,,,,
7072,externo,7073.0,,0.8065107957443409,,,,,
7073,externo,7074.0,,0.9111075574348304,,,,,
7073,externo,7072.0,,0.8065107957443409,,,,,
7074,externo,7073.0,,0.9111075574348304,,,,,
7074,externo,7072.0,,0.8433988197243212,,,,,
7076,externo,7080.0,,0.8326850695218414,,,,,
7076,externo,7081.0,,0.7993809782126509,,,,,
7080,externo,7081.0,,0.8602258694712515,,,,,
7080,externo,7076.0,,0.8326850695218414,,,,,
7081,externo,7080.0,,0.8602258694712515,,,,,
7081,externo,7076.0,,0.7993809782126509,,,,,
7088,externo,7090.0,,0.7322709938506101,,,,,
7090,externo,7088.0,,0.7322709938506101,,,,,
7090,externo,7107.0,,0.701872163843547,,,,,
7103,interno,,"PREPARACIN INTEGRAL, SL",,11.008270035780912,0.0,2.0,1.0,2-4
7106,externo,7108.0,,0.8314301724540755,,,,,
7106,externo,7107.0,,0.7966973620277598,,,,,
7107,externo,7106.0,,0.7966973620277598,,,,,
7107,externo,7108.0,,0.7284616883310175,,,,,
7107,externo,7090.0,,0.701872163843547,,,,,
7108,externo,7106.0,,0.8314301724540755,,,,,
7108,externo,7107.0,,0.7284616883310175,,,,,
7139,externo,7144.0,,0.7715412149406662,,,,,
7139,externo,7140.0,,0.7632618124450762,,,,,
7139,externo,7142.0,,0.704850504250681,,,,,
7140,externo,7144.0,,0.8066030400734412,,,,,
7140,externo,7139.0,,0.7632618124450762,,,,,
7140,externo,7142.0,,0.704046464157686,,,,,
7142,externo,7144.0,,0.745812568793219,,,,,
7142,externo,7139.0,,0.704850504250681,,,,,
7142,externo,7140.0,,0.704046464157686,,,,,
7144,externo,7140.0,,0.8066030400734412,,,,,
7144,externo,7139.0,,0.7715412149406662,,,,,
7144,externo,7142.0,,0.745812568793219,,,,,
7145,externo,7149.0,,0.9601526907577344,,,,,
7145,externo,7146.0,,0.949894930500758,,,,,
7145,externo,7150.0,,0.9079228010770232,,,,,
7146,externo,7150.0,,0.9592103270065644,,,,,
7146,externo,7145.0,,0.949894930500758,,,,,
7146,externo,7149.0,,0.9070316995419948,,,,,
7147,externo,7149.0,,0.7347390660640896,,,,,
7147,externo,7145.0,,0.7054616912862604,,,,,
7149,externo,7145.0,,0.9601526907577344,,,,,
7149,externo,7150.0,,0.9456025169918628,,,,,
7149,externo,7146.0,,0.9070316995419948,,,,,
7150,externo,7146.0,,0.9592103270065644,,,,,
7150,externo,7149.0,,0.9456025169918628,,,,,
7150,externo,7145.0,,0.9079228010770232,,,,,
7187,externo,7188.0,,0.8363777982039918,,,,,
7188,externo,7187.0,,0.8363777982039918,,,,,
7189,externo,7190.0,,0.7770524492878301,,,,,
7190,externo,7189.0,,0.7770524492878301,,,,,
7194,externo,7195.0,,0.9373240130491044,,,,,
7195,externo,7194.0,,0.9373240130491044,,,,,
7196,externo,7198.0,,0.855494514763144,,,,,
7196,externo,7166.0,,0.7810988275479599,,,,,
7198,externo,7196.0,,0.855494514763144,,,,,
7198,externo,7166.0,,0.7481571513118134,,,,,
7220,externo,7165.0,,0.8714729636074187,,,,,
7221,externo,7223.0,,0.7170234951315799,,,,,
7222,externo,7223.0,,0.8619286917814744,,,,,
7223,externo,7222.0,,0.8619286917814744,,,,,
7223,externo,7221.0,,0.7170234951315799,,,,,
7224,externo,7225.0,,0.7246106378097484,,,,,
7225,externo,7224.0,,0.7246106378097484,,,,,
7264,externo,7265.0,,0.7393857410594135,,,,,
7265,externo,7264.0,,0.7393857410594135,,,,,
7265,externo,7266.0,,0.7348557438403573,,,,,
7266,externo,7265.0,,0.7348557438403573,,,,,
7279,externo,7281.0,,0.7705662988590107,,,,,
7280,externo,7281.0,,0.7362421688468086,,,,,
7281,externo,7279.0,,0.7705662988590107,,,,,
7281,externo,7280.0,,0.7362421688468086,,,,,
7294,externo,7298.0,,0.797426369055289,,,,,
7294,externo,7296.0,,0.7491748594698892,,,,,
7294,externo,7297.0,,0.7491748594698892,,,,,
7295,externo,7298.0,,0.8322007972139263,,,,,
7295,externo,7296.0,,0.7818451201232416,,,,,
7295,externo,7297.0,,0.7818451201232416,,,,,
7296,externo,7298.0,,0.8630960426266339,,,,,
7296,externo,7297.0,,0.8108709236814737,,,,,
7296,externo,7295.0,,0.7818451201232416,,,,,
7297,externo,7298.0,,0.8630960426266339,,,,,
7297,externo,7296.0,,0.8108709236814737,,,,,
7297,externo,7295.0,,0.7818451201232416,,,,,
7298,externo,7296.0,,0.8630960426266339,,,,,
7298,externo,7297.0,,0.8630960426266339,,,,,
7298,externo,7295.0,,0.8322007972139263,,,,,
7315,interno,,NUTRISPORT S.A.U.,,89.40222702924278,0.0,5.0,1.0,5-7
7333,interno,,NASKORSPORTS,,34.76,0.0,2.0,1.0,2-4
7362,externo,7378.0,,0.9184164150498504,,,,,
7363,externo,7379.0,,0.9272226478780496,,,,,
7364,interno,,NASKORSPORTS,,68.28,0.0,2.0,1.0,2-4
7365,externo,7391.0,,0.8044681368937996,,,,,
7366,externo,7385.0,,0.8687544685922212,,,,,
7378,externo,7362.0,,0.9184164150498504,,,,,
7379,externo,7363.0,,0.9272226478780496,,,,,
7380,externo,7392.0,,0.7580223739088097,,,,,
7380,externo,7383.0,,0.7116721909546254,,,,,
7381,externo,7383.0,,0.8027829863315352,,,,,
7382,externo,7393.0,,0.7597744717698637,,,,,
7382,externo,7383.0,,0.7089975103089425,,,,,
7383,externo,7381.0,,0.8027829863315352,,,,,
7383,externo,7394.0,,0.7515350887206825,,,,,
7383,externo,7299.0,,0.7188438601147217,,,,,
7384,externo,7391.0,,0.7725418830711701,,,,,
7384,externo,7392.0,,0.7721236931789388,,,,,
7384,externo,7394.0,,0.7308457818201747,,,,,
7385,externo,7366.0,,0.8687544685922212,,,,,
7391,externo,7365.0,,0.8044681368937996,,,,,
7391,externo,7394.0,,0.7824971186155755,,,,,
7391,externo,7384.0,,0.7725418830711701,,,,,
7392,externo,7391.0,,0.7725418830711701,,,,,
7392,externo,7384.0,,0.7721236931789388,,,,,
7392,externo,7380.0,,0.7580223739088097,,,,,
7393,externo,7391.0,,0.7698280942602579,,,,,
7393,externo,7382.0,,0.7597744717698637,,,,,
7393,externo,7300.0,,0.7502986759177179,,,,,
7394,externo,7391.0,,0.7824971186155755,,,,,
7394,externo,7383.0,,0.7515350887206825,,,,,
7394,externo,7384.0,,0.7308457818201747,,,,,
7398,externo,7301.0,,0.8668815898830897,,,,,
7400,externo,7302.0,,0.7521964900030915,,,,,
7445,externo,7446.0,,0.802690251299868,,,,,
7446,externo,7445.0,,0.802690251299868,,,,,
7463,externo,7469.0,,0.8787669691073258,,,,,
7463,externo,7465.0,,0.7834212169392938,,,,,
7463,externo,7467.0,,0.7743777602814612,,,,,
7464,externo,7469.0,,0.7008511360084231,,,,,
7464,externo,7463.0,,0.7001347909561451,,,,,
7465,externo,7469.0,,0.7842227767529946,,,,,
7465,externo,7463.0,,0.7834212169392938,,,,,
7465,externo,7479.0,,0.7814055730682388,,,,,
7467,externo,7469.0,,0.7751700672548288,,,,,
7467,externo,7463.0,,0.7743777602814612,,,,,
7469,externo,7463.0,,0.8787669691073258,,,,,
7469,externo,7465.0,,0.7842227767529946,,,,,
7469,externo,7467.0,,0.7751700672548288,,,,,
7470,externo,7471.0,,0.9131428365652864,,,,,
7470,externo,7474.0,,0.8739988395983866,,,,,
7470,externo,7475.0,,0.8250596917810712,,,,,
7471,externo,7470.0,,0.9131428365652864,,,,,
7471,externo,7474.0,,0.8568116890324071,,,,,
7471,externo,7475.0,,0.8088349275066952,,,,,
7472,externo,7470.0,,0.8072921328037019,,,,,
7472,externo,7471.0,,0.7914167668322736,,,,,
7472,externo,7474.0,,0.7574908416868036,,,,,
7473,externo,7470.0,,0.7901243806579643,,,,,
7473,externo,7471.0,,0.7745866178132677,,,,,
7473,externo,7474.0,,0.7413821562502428,,,,,
7474,externo,7470.0,,0.8739988395983866,,,,,
7474,externo,7471.0,,0.8568116890324071,,,,,
7474,externo,7475.0,,0.7741623322880382,,,,,
7475,externo,7470.0,,0.8250596917810712,,,,,
7475,externo,7471.0,,0.8088349275066952,,,,,
7475,externo,7474.0,,0.7741623322880382,,,,,
7476,externo,7477.0,,0.920548212521505,,,,,
7476,externo,7479.0,,0.8382312393944803,,,,,
7477,externo,7476.0,,0.920548212521505,,,,,
7477,externo,7479.0,,0.8231428602204592,,,,,
7477,externo,7469.0,,0.7319165388552732,,,,,
7479,externo,7476.0,,0.8382312393944803,,,,,
7479,externo,7477.0,,0.8231428602204592,,,,,
7479,externo,7465.0,,0.7814055730682388,,,,,
7482,externo,7483.0,,0.8509628083347349,,,,,
7483,externo,7482.0,,0.8509628083347349,,,,,
7486,externo,7490.0,,0.8537086582313789,,,,,
7486,externo,7491.0,,0.7993193045705458,,,,,
7490,externo,7486.0,,0.8537086582313789,,,,,
7490,externo,7491.0,,0.7422271063475729,,,,,
7491,externo,7486.0,,0.7993193045705458,,,,,
7491,externo,7490.0,,0.7422271063475729,,,,,
7492,externo,7496.0,,0.7873457237292405,,,,,
7492,externo,7494.0,,0.7006398453023257,,,,,
7493,externo,7496.0,,0.7695511757067883,,,,,
7494,externo,7496.0,,0.7796578439849456,,,,,
7494,externo,7492.0,,0.7006398453023257,,,,,
7495,externo,7496.0,,0.77874494578227,,,,,
7496,externo,7492.0,,0.7873457237292405,,,,,
7496,externo,7494.0,,0.7796578439849456,,,,,
7496,externo,7495.0,,0.77874494578227,,,,,
7509,externo,7510.0,,0.8319345432359883,,,,,
7510,externo,7509.0,,0.8319345432359883,,,,,
7516,externo,7517.0,,0.9186716693538683,,,,,
7517,externo,7516.0,,0.9186716693538683,,,,,
7517,externo,7496.0,,0.7250495791354085,,,,,
7526,externo,7529.0,,0.7340570789475178,,,,,
7529,externo,7526.0,,0.7340570789475178,,,,,
7538,externo,7542.0,,0.778470768768416,,,,,
7538,externo,7539.0,,0.7647870152516214,,,,,
7538,externo,7540.0,,0.7404084728058987,,,,,
7539,externo,7542.0,,0.8263820187713693,,,,,
7539,externo,7540.0,,0.785977165771763,,,,,
7539,externo,7538.0,,0.7647870152516214,,,,,
7540,externo,7542.0,,0.8000400585664467,,,,,
7540,externo,7539.0,,0.785977165771763,,,,,
7540,externo,7538.0,,0.7404084728058987,,,,,
7542,externo,7539.0,,0.8263820187713693,,,,,
7542,externo,7540.0,,0.8000400585664467,,,,,
7542,externo,7538.0,,0.778470768768416,,,,,
7545,externo,7546.0,,0.8354749363882993,,,,,
7546,externo,7545.0,,0.8354749363882993,,,,,
7550,externo,7555.0,,0.8016959982664261,,,,,
7550,externo,7557.0,,0.7943491441363708,,,,,
7550,externo,7554.0,,0.79347585527744,,,,,
7554,externo,7550.0,,0.79347585527744,,,,,
7554,externo,3171.0,,0.7301992560704131,,,,,
7554,externo,7555.0,,0.7183320716940064,,,,,
7555,externo,7550.0,,0.8016959982664261,,,,,
7555,externo,7557.0,,0.7191226583149487,,,,,
7555,externo,7554.0,,0.7183320716940064,,,,,
7556,externo,7550.0,,0.7846705624037141,,,,,
7556,externo,7555.0,,0.7103606580337326,,,,,
7556,externo,7557.0,,0.7038508137216876,,,,,
7557,externo,7550.0,,0.7943491441363708,,,,,
7557,externo,7555.0,,0.7191226583149487,,,,,
7557,externo,7554.0,,0.7117491762335224,,,,,
7568,externo,7569.0,,0.813895720244768,,,,,
7568,externo,7570.0,,0.7806795038477609,,,,,
7569,externo,7568.0,,0.813895720244768,,,,,
7569,externo,7570.0,,0.8089246447539382,,,,,
7570,externo,7569.0,,0.8089246447539382,,,,,
7570,externo,7568.0,,0.7806795038477609,,,,,
7583,externo,7584.0,,0.8753899935398805,,,,,
7584,externo,7583.0,,0.8753899935398805,,,,,
7588,externo,7589.0,,0.8740436427951189,,,,,
7589,externo,7588.0,,0.8740436427951189,,,,,
7592,externo,7594.0,,0.9490779825118748,,,,,
7592,externo,7595.0,,0.8445435158582045,,,,,
7592,externo,7597.0,,0.7876673812451322,,,,,
7594,externo,7592.0,,0.9490779825118748,,,,,
7594,externo,7597.0,,0.8484135793940221,,,,,
7594,externo,7595.0,,0.790216463459535,,,,,
7595,externo,7597.0,,0.9349582553534954,,,,,
7595,externo,7592.0,,0.8445435158582045,,,,,
7595,externo,7594.0,,0.790216463459535,,,,,
7597,externo,7595.0,,0.9349582553534954,,,,,
7597,externo,7594.0,,0.8484135793940221,,,,,
7597,externo,7592.0,,0.7876673812451322,,,,,
7601,externo,7602.0,,0.9211817880799288,,,,,
7602,externo,7601.0,,0.9211817880799288,,,,,
7603,externo,7604.0,,0.8978755588641618,,,,,
7604,externo,7603.0,,0.8978755588641618,,,,,
7609,externo,7610.0,,0.963811072571528,,,,,
7610,externo,7609.0,,0.963811072571528,,,,,
7613,externo,7616.0,,0.8701498461557675,,,,,
7613,externo,7615.0,,0.7905883696773164,,,,,
7615,externo,7616.0,,0.91093066318618,,,,,
7615,externo,7613.0,,0.7905883696773164,,,,,
7616,externo,7615.0,,0.91093066318618,,,,,
7616,externo,7613.0,,0.8701498461557675,,,,,
7644,externo,7648.0,,0.9127603256440996,,,,,
7644,externo,7647.0,,0.8331455217332501,,,,,
7647,externo,7648.0,,0.8484205138479433,,,,,
7647,externo,7644.0,,0.8331455217332501,,,,,
7648,externo,7644.0,,0.9127603256440996,,,,,
7648,externo,7647.0,,0.8484205138479433,,,,,
7658,externo,7659.0,,0.7566065694058604,,,,,
7659,externo,7658.0,,0.7566065694058604,,,,,
7668,interno,,NASKORSPORTS,,83.78,0.0,2.0,1.0,2-4
7692,externo,7693.0,,0.8787116738390697,,,,,
7692,externo,7694.0,,0.855808810646104,,,,,
7693,externo,7692.0,,0.8787116738390697,,,,,
7693,externo,7694.0,,0.8787116738390697,,,,,
7694,externo,7693.0,,0.8787116738390697,,,,,
7694,externo,7692.0,,0.855808810646104,,,,,
7703,externo,7707.0,,0.841799887888289,,,,,
7703,externo,7705.0,,0.8267013329091164,,,,,
7703,externo,7706.0,,0.8264982137767442,,,,,
7704,externo,7711.0,,0.8417458946191803,,,,,
7704,externo,7705.0,,0.7941997383785223,,,,,
7704,externo,7707.0,,0.7810651261400219,,,,,
7705,externo,7707.0,,0.8687798456916972,,,,,
7705,externo,7711.0,,0.8600853783479044,,,,,
7705,externo,7706.0,,0.8529877479916121,,,,,
7706,externo,7707.0,,0.8685663879392358,,,,,
7706,externo,7705.0,,0.8529877479916121,,,,,
7706,externo,7711.0,,0.8304856412386986,,,,,
7707,externo,7705.0,,0.8687798456916972,,,,,
7707,externo,7706.0,,0.8685663879392358,,,,,
7707,externo,7711.0,,0.8458611380331593,,,,,
7710,externo,7707.0,,0.7556637505153074,,,,,
7710,externo,7705.0,,0.7421101365898597,,,,,
7710,externo,7706.0,,0.741927801372692,,,,,
7711,externo,7705.0,,0.8600853783479044,,,,,
7711,externo,7707.0,,0.8458611380331593,,,,,
7711,externo,7704.0,,0.8417458946191803,,,,,
7715,externo,7716.0,,0.9599749383190564,,,,,
7716,externo,7715.0,,0.9599749383190564,,,,,
7723,externo,7724.0,,0.7611293347741341,,,,,
7724,externo,7723.0,,0.7611293347741341,,,,,
7727,externo,7730.0,,0.8141094891154171,,,,,
7727,externo,7729.0,,0.7697042866344032,,,,,
7729,externo,7730.0,,0.8332685033549525,,,,,
7729,externo,7727.0,,0.7697042866344032,,,,,
7730,externo,7729.0,,0.8332685033549525,,,,,
7730,externo,7727.0,,0.8141094891154171,,,,,
7733,externo,7744.0,,0.758013238229417,,,,,
7733,externo,7743.0,,0.7337854586040667,,,,,
7733,externo,7736.0,,0.7017167203025124,,,,,
7736,externo,7744.0,,0.8537347806869597,,,,,
7736,externo,7743.0,,0.8264475288530804,,,,,
7736,externo,7742.0,,0.7769777319463644,,,,,
7742,externo,7744.0,,0.839312203321747,,,,,
7742,externo,7743.0,,0.8124859289595148,,,,,
7742,externo,7736.0,,0.7769777319463644,,,,,
7743,externo,7744.0,,0.8927508059128973,,,,,
7743,externo,7736.0,,0.8264475288530804,,,,,
7743,externo,7742.0,,0.8124859289595148,,,,,
7744,externo,7743.0,,0.8927508059128973,,,,,
7744,externo,7736.0,,0.8537347806869597,,,,,
7744,externo,7742.0,,0.839312203321747,,,,,
7774,interno,,NASKORSPORTS,,66.45,0.0,2.0,1.0,2-4
7856,externo,7857.0,,0.7188581552335019,,,,,
7857,externo,7856.0,,0.7188581552335019,,,,,
7884,interno,,AMIX LEVANTE S.L.,,62.5959371255267,0.0,2.0,1.0,2-4
7887,externo,7889.0,,0.7388152282080221,,,,,
7887,externo,7888.0,,0.7305772750284448,,,,,
7888,externo,7889.0,,0.8519589997459067,,,,,
7888,externo,7887.0,,0.7305772750284448,,,,,
7889,externo,7888.0,,0.8519589997459067,,,,,
7889,externo,7887.0,,0.7388152282080221,,,,,
7962,externo,7967.0,,0.801827976659725,,,,,
7966,externo,7967.0,,0.8731612878201116,,,,,
7967,externo,7966.0,,0.8731612878201116,,,,,
7967,externo,7962.0,,0.801827976659725,,,,,
8127,externo,8079.0,,0.8429348374897778,,,,,
8187,externo,8189.0,,0.827635690555335,,,,,
8187,externo,8188.0,,0.8059159318171654,,,,,
8188,externo,8187.0,,0.8059159318171654,,,,,
8188,externo,8189.0,,0.7809767721846677,,,,,
8189,externo,8187.0,,0.827635690555335,,,,,
8189,externo,8188.0,,0.7809767721846677,,,,,
8463,externo,8466.0,,0.7708660547483915,,,,,
8466,externo,8463.0,,0.7708660547483915,,,,,
8469,externo,8471.0,,0.7355250588246409,,,,,
8471,externo,8469.0,,0.7355250588246409,,,,,
8494,externo,8496.0,,0.9295099460960052,,,,,
8496,externo,8494.0,,0.9295099460960052,,,,,
8500,externo,8019.0,,0.8706191816871266,,,,,
8611,externo,8636.0,,0.766603221133487,,,,,
8636,externo,8611.0,,0.766603221133487,,,,,
8697,externo,8693.0,,0.9423899246941206,,,,,
8697,externo,8699.0,,0.930184117166798,,,,,
8697,externo,8698.0,,0.8387639505163715,,,,,
8698,externo,8693.0,,0.8502707373190309,,,,,
8698,externo,8699.0,,0.8392580548890914,,,,,
8698,externo,8697.0,,0.8387639505163715,,,,,
8699,externo,8693.0,,0.94294507371109,,,,,
8699,externo,8697.0,,0.930184117166798,,,,,
8699,externo,8698.0,,0.8392580548890914,,,,,
8704,externo,8672.0,,0.7484432523241914,,,,,
8705,externo,8652.0,,0.8297495986525381,,,,,
8708,externo,8712.0,,0.8731818333498379,,,,,
8708,externo,8710.0,,0.7738261882611652,,,,,
8709,externo,8712.0,,0.741032542921864,,,,,
8710,externo,8712.0,,0.8489073541656171,,,,,
8710,externo,8708.0,,0.7738261882611652,,,,,
8712,externo,8708.0,,0.8731818333498379,,,,,
8712,externo,8710.0,,0.8489073541656171,,,,,
8712,externo,8709.0,,0.741032542921864,,,,,
8715,externo,8716.0,,0.797026203905717,,,,,
8716,externo,8715.0,,0.797026203905717,,,,,
8722,externo,8723.0,,0.9365200643091716,,,,,
8723,externo,8722.0,,0.9365200643091716,,,,,
8727,externo,8728.0,,0.7790343407087122,,,,,
8728,externo,8727.0,,0.7790343407087122,,,,,
8802,externo,8738.0,,0.9656266964703284,,,,,
8802,externo,8742.0,,0.9636396292664684,,,,,
8802,externo,8766.0,,0.9591869801992174,,,,,
8810,externo,8734.0,,0.8934719238126606,,,,,
8810,externo,8819.0,,0.7316015013035515,,,,,
8810,interno,,NUTRISPORT S.A.U.,,12.94,0.0,5.0,1.0,5-7
8811,externo,8876.0,,0.8486807968814803,,,,,
8817,externo,8997.0,,0.9490865407569444,,,,,
8819,externo,8734.0,,0.750293069969145,,,,,
8819,externo,8810.0,,0.7316015013035515,,,,,
8835,externo,8836.0,,0.9166260976992652,,,,,
8835,externo,8837.0,,0.9158420175267624,,,,,
8836,externo,8835.0,,0.9166260976992652,,,,,
8836,externo,8837.0,,0.8985488938280957,,,,,
8837,externo,8835.0,,0.9158420175267624,,,,,
8837,externo,8836.0,,0.8985488938280957,,,,,
8850,externo,8776.0,,0.9048975405865411,,,,,
8857,externo,8858.0,,0.950117269878534,,,,,
8857,interno,,"KEEP GOING, SL",,41.00809221783194,0.0,7.0,1.0,5-7
8858,externo,8857.0,,0.950117269878534,,,,,
8867,externo,8868.0,,0.816270804020113,,,,,
8868,externo,8867.0,,0.816270804020113,,,,,
8876,externo,8811.0,,0.8486807968814803,,,,,
8904,externo,8905.0,,0.8733409642684188,,,,,
8905,externo,8904.0,,0.8733409642684188,,,,,
8933,externo,8934.0,,0.8495982356389419,,,,,
8933,externo,8935.0,,0.7991976264800915,,,,,
8934,externo,8933.0,,0.8495982356389419,,,,,
8934,externo,8935.0,,0.7056363502270159,,,,,
8935,externo,8933.0,,0.7991976264800915,,,,,
8935,externo,8934.0,,0.7056363502270159,,,,,
8954,externo,8955.0,,0.9488879807032662,,,,,
8954,externo,8956.0,,0.8422151266898534,,,,,
8955,externo,8954.0,,0.9488879807032662,,,,,
8955,externo,8956.0,,0.8324378383111453,,,,,
8956,externo,8954.0,,0.8422151266898534,,,,,
8956,externo,8955.0,,0.8324378383111453,,,,,
8972,externo,8973.0,,0.973051975799746,,,,,
8973,externo,8972.0,,0.973051975799746,,,,,
8979,externo,8980.0,,0.8681461310020162,,,,,
8980,externo,8979.0,,0.8681461310020162,,,,,
8985,externo,8766.0,,0.9445327591113616,,,,,
8985,externo,8802.0,,0.930139186083356,,,,,
8985,externo,8738.0,,0.9270474691800784,,,,,
8986,externo,8987.0,,0.8324523516861986,,,,,
8986,externo,8988.0,,0.7392306983932643,,,,,
8987,externo,8986.0,,0.8324523516861986,,,,,
8987,externo,8988.0,,0.7519904150250947,,,,,
8988,externo,8987.0,,0.7519904150250947,,,,,
8988,externo,8986.0,,0.7392306983932643,,,,,
8989,externo,8990.0,,0.8647827686301844,,,,,
8990,externo,8989.0,,0.8647827686301844,,,,,
8997,externo,8817.0,,0.9490865407569444,,,,,
9002,externo,9003.0,,0.9130052493578064,,,,,
9002,externo,9004.0,,0.9098869931767296,,,,,
9002,externo,8788.0,,0.7367288825158131,,,,,
9003,externo,9002.0,,0.9130052493578064,,,,,
9003,externo,9004.0,,0.8957706292334857,,,,,
9003,externo,8788.0,,0.8341233322037684,,,,,
9004,externo,9002.0,,0.9098869931767296,,,,,
9004,externo,9003.0,,0.8957706292334857,,,,,
9004,externo,8788.0,,0.7228217966215027,,,,,
9007,externo,8788.0,,0.7988020193026597,,,,,
9010,externo,9011.0,,0.7155866328266045,,,,,
9011,externo,9010.0,,0.7155866328266045,,,,,
9015,externo,9021.0,,0.8081304726767875,,,,,
9015,externo,9016.0,,0.7725490760997572,,,,,
9016,externo,9021.0,,0.8321593420638318,,,,,
9016,externo,9015.0,,0.7725490760997572,,,,,
9021,externo,9016.0,,0.8321593420638318,,,,,
9021,externo,9015.0,,0.8081304726767875,,,,,
9021,externo,8739.0,,0.7338966077512479,,,,,
9077,externo,9058.0,,0.9271643988902256,,,,,
9097,externo,9098.0,,0.9154201494064236,,,,,
9098,externo,9097.0,,0.9154201494064236,,,,,
9101,externo,9105.0,,0.942279863808832,,,,,
9101,externo,9103.0,,0.9417187198189882,,,,,
9101,externo,9104.0,,0.8067458201682778,,,,,
9102,externo,9101.0,,0.7953222610457659,,,,,
9102,externo,9105.0,,0.7849017863708401,,,,,
9102,externo,9103.0,,0.7844343637536791,,,,,
9103,externo,9101.0,,0.9417187198189882,,,,,
9103,externo,9105.0,,0.9293801288459732,,,,,
9103,externo,9104.0,,0.7957015352776943,,,,,
9104,externo,9101.0,,0.8067458201682778,,,,,
9104,externo,9105.0,,0.7961756716889533,,,,,
9104,externo,9103.0,,0.7957015352776943,,,,,
9105,externo,9101.0,,0.942279863808832,,,,,
9105,externo,9103.0,,0.9293801288459732,,,,,
9105,externo,9104.0,,0.7961756716889533,,,,,
9106,externo,9101.0,,0.7935228277285766,,,,,
9106,externo,9105.0,,0.7831259295964303,,,,,
9106,externo,9103.0,,0.7826595645327565,,,,,
9108,externo,9123.0,,0.8614743757312964,,,,,
9108,externo,9113.0,,0.8215110233119594,,,,,
9108,externo,9112.0,,0.8209738118797911,,,,,
9109,externo,9113.0,,0.8924446763594022,,,,,
9109,externo,9112.0,,0.8918610792205771,,,,,
9109,externo,9126.0,,0.8340774881291686,,,,,
9110,externo,9113.0,,0.8551513051081209,,,,,
9110,externo,9112.0,,0.8545920952566379,,,,,
9110,externo,9084.0,,0.8488740717775225,,,,,
9112,externo,9113.0,,0.9224508654232588,,,,,
9112,externo,9109.0,,0.8918610792205771,,,,,
9112,externo,9110.0,,0.8545920952566379,,,,,
9113,externo,9112.0,,0.9224508654232588,,,,,
9113,externo,9109.0,,0.8924446763594022,,,,,
9113,externo,9110.0,,0.8551513051081209,,,,,
9114,externo,9115.0,,0.7674107802827228,,,,,
9115,externo,9114.0,,0.7674107802827228,,,,,
9117,externo,9118.0,,0.751500855774663,,,,,
9117,externo,9121.0,,0.7354010354900943,,,,,
9117,externo,9126.0,,0.7000794409675495,,,,,
9118,externo,9121.0,,0.9053089484354712,,,,,
9118,externo,9127.0,,0.8907996661934795,,,,,
9118,externo,9125.0,,0.8807325869713156,,,,,
9120,externo,9118.0,,0.7927451114308852,,,,,
9120,externo,9121.0,,0.7757616925466164,,,,,
9120,externo,9126.0,,0.7385015601455331,,,,,
9121,externo,9118.0,,0.9053089484354712,,,,,
9121,externo,9126.0,,0.8433632212837637,,,,,
9121,externo,9113.0,,0.8212502552904494,,,,,
9123,externo,9108.0,,0.8614743757312964,,,,,
9123,externo,9118.0,,0.7680969275032983,,,,,
9123,externo,9121.0,,0.7516415603551332,,,,,
9125,externo,9118.0,,0.8807325869713156,,,,,
9125,externo,9132.0,,0.8104135006754447,,,,,
9125,externo,9121.0,,0.7973350921638538,,,,,
9126,externo,9118.0,,0.8618266115185009,,,,,
9126,externo,9121.0,,0.8433632212837637,,,,,
9126,externo,9109.0,,0.8340774881291686,,,,,
9127,externo,9118.0,,0.8907996661934795,,,,,
9127,externo,9121.0,,0.8064489090682876,,,,,
9127,externo,9125.0,,0.7845562944797674,,,,,
9128,externo,9118.0,,0.7464976952758028,,,,,
9128,externo,9121.0,,0.7305050604778076,,,,,
9129,externo,9118.0,,0.7375175527315349,,,,,
9129,externo,9121.0,,0.721717304515646,,,,,
9132,externo,9125.0,,0.8104135006754447,,,,,
9132,externo,9118.0,,0.701031318550504,,,,,
9133,externo,9135.0,,0.9418351612811866,,,,,
9133,externo,9134.0,,0.9412700156328866,,,,,
9134,externo,9133.0,,0.9412700156328866,,,,,
9134,externo,9135.0,,0.9288427788002664,,,,,
9135,externo,9133.0,,0.9418351612811866,,,,,
9135,externo,9134.0,,0.9288427788002664,,,,,
9137,externo,9140.0,,0.7399114322147047,,,,,
9137,externo,9148.0,,0.7253479828998378,,,,,
9137,externo,9144.0,,0.7247015143622313,,,,,
9138,externo,9140.0,,0.7675995708738326,,,,,
9138,externo,9148.0,,0.7524911444354491,,,,,
9138,externo,9144.0,,0.7518204844747498,,,,,
9139,externo,9140.0,,0.7835570460731066,,,,,
9139,externo,9148.0,,0.7681345335547686,,,,,
9139,externo,9144.0,,0.7674499313771946,,,,,
9140,externo,9148.0,,0.9130638913524084,,,,,
9140,externo,9144.0,,0.9122501204555428,,,,,
9140,externo,9143.0,,0.898599626628301,,,,,
9141,externo,9140.0,,0.8725057838995267,,,,,
9141,externo,9148.0,,0.8553325207121808,,,,,
9141,externo,9144.0,,0.8545702030703486,,,,,
9142,externo,9140.0,,0.8249207426564701,,,,,
9142,externo,9148.0,,0.8086840812110581,,,,,
9142,externo,9144.0,,0.807963339129063,,,,,
9143,externo,9140.0,,0.898599626628301,,,,,
9143,externo,9148.0,,0.8204788718570575,,,,,
9143,externo,9144.0,,0.8197476176329734,,,,,
9144,externo,9140.0,,0.9122501204555428,,,,,
9144,externo,9148.0,,0.8942945817068451,,,,,
9144,externo,9141.0,,0.8545702030703486,,,,,
9145,externo,9140.0,,0.7344945598626317,,,,,
9145,externo,9148.0,,0.7200377291814414,,,,,
9145,externo,9144.0,,0.7193959934231858,,,,,
9146,externo,9140.0,,0.8650221514422474,,,,,
9146,externo,9148.0,,0.8479961862925282,,,,,
9146,externo,9144.0,,0.8472404071804711,,,,,
9147,externo,9140.0,,0.8071436445344587,,,,,
9147,externo,9148.0,,0.7912568842477441,,,,,
9147,externo,9144.0,,0.790551674206647,,,,,
9148,externo,9140.0,,0.9130638913524084,,,,,
9148,externo,9144.0,,0.8942945817068451,,,,,
9148,externo,9141.0,,0.8553325207121808,,,,,
9150,externo,9151.0,,0.9280310433849532,,,,,
9151,externo,9150.0,,0.9280310433849532,,,,,
9155,externo,9157.0,,0.9596630430133642,,,,,
9157,externo,9155.0,,0.9596630430133642,,,,,
9158,externo,9161.0,,0.9088055537368156,,,,,
9158,externo,9160.0,,0.9079566921623924,,,,,
9158,externo,9159.0,,0.8174706242124429,,,,,
9159,externo,9158.0,,0.8174706242124429,,,,,
9159,externo,9161.0,,0.8005989086785852,,,,,
9159,externo,9160.0,,0.7998511165383326,,,,,
9160,externo,9158.0,,0.9079566921623924,,,,,
9160,externo,9161.0,,0.8892174413887214,,,,,
9160,externo,9159.0,,0.7998511165383326,,,,,
9161,externo,9158.0,,0.9088055537368156,,,,,
9161,externo,9160.0,,0.8892174413887214,,,,,
9161,externo,9159.0,,0.8005989086785852,,,,,
9163,externo,9164.0,,0.901134664102626,,,,,
9163,externo,9167.0,,0.8873774092632165,,,,,
9163,externo,9165.0,,0.8867624256086198,,,,,
9164,externo,9167.0,,0.9326874131554544,,,,,
9164,externo,9165.0,,0.9320410280796668,,,,,
9164,externo,9163.0,,0.901134664102626,,,,,
9165,externo,9164.0,,0.9320410280796668,,,,,
9165,externo,9167.0,,0.9178119384054326,,,,,
9165,externo,9163.0,,0.8867624256086198,,,,,
9166,externo,9164.0,,0.845312634028714,,,,,
9166,externo,9167.0,,0.8324075913213778,,,,,
9166,externo,9165.0,,0.8318307036777652,,,,,
9167,externo,9164.0,,0.9326874131554544,,,,,
9167,externo,9165.0,,0.9178119384054326,,,,,
9167,externo,9163.0,,0.8873774092632165,,,,,
9168,externo,9170.0,,0.9470346512894858,,,,,
9168,externo,9169.0,,0.946516597486326,,,,,
9169,externo,9168.0,,0.946516597486326,,,,,
9169,externo,9170.0,,0.9351319171868082,,,,,
9170,externo,9168.0,,0.9470346512894858,,,,,
9170,externo,9169.0,,0.9351319171868082,,,,,
9172,externo,9174.0,,0.9362691772535484,,,,,
9174,externo,9172.0,,0.9362691772535484,,,,,
9197,externo,9199.0,,0.812068650383243,,,,,
9199,externo,9197.0,,0.812068650383243,,,,,
9203,externo,9208.0,,0.922789981531847,,,,,
9203,externo,9205.0,,0.9220580030270666,,,,,
9203,externo,9211.0,,0.8873577040045171,,,,,
9204,externo,9203.0,,0.7441175172400296,,,,,
9204,externo,9208.0,,0.7310985279022856,,,,,
9204,externo,9205.0,,0.7305186035229457,,,,,
9205,externo,9203.0,,0.9220580030270666,,,,,
9205,externo,9208.0,,0.9059257886495377,,,,,
9205,externo,9211.0,,0.8181952725250876,,,,,
9206,externo,9214.0,,0.912334655740225,,,,,
9206,externo,9208.0,,0.8790796645710973,,,,,
9206,externo,9203.0,,0.811205907434585,,,,,
9207,externo,9203.0,,0.7811038803241117,,,,,
9207,externo,9215.0,,0.7742274034945545,,,,,
9207,externo,9208.0,,0.7674377820882738,,,,,
9208,externo,9203.0,,0.922789981531847,,,,,
9208,externo,9205.0,,0.9059257886495377,,,,,
9208,externo,9206.0,,0.8790796645710973,,,,,
9209,externo,9203.0,,0.7420715589232182,,,,,
9209,externo,9208.0,,0.7290883654226841,,,,,
9209,externo,9205.0,,0.7285100355510389,,,,,
9210,externo,9211.0,,0.832275370050205,,,,,
9210,externo,9214.0,,0.7390692026304613,,,,,
9210,externo,9203.0,,0.7285037896973183,,,,,
9211,externo,9203.0,,0.8873577040045171,,,,,
9211,externo,9214.0,,0.8455134179224945,,,,,
9211,externo,9210.0,,0.832275370050205,,,,,
9214,externo,9206.0,,0.912334655740225,,,,,
9214,externo,9211.0,,0.8455134179224945,,,,,
9214,externo,9208.0,,0.8020148431447045,,,,,
9215,externo,9211.0,,0.7978583015646203,,,,,
9215,externo,9207.0,,0.7742274034945545,,,,,
9215,externo,9214.0,,0.7451233081067286,,,,,
9229,externo,9230.0,,0.8787826504540861,,,,,
9229,externo,9231.0,,0.8439012888858111,,,,,
9229,externo,9232.0,,0.8306852153090887,,,,,
9230,externo,9229.0,,0.8787826504540861,,,,,
9230,externo,9231.0,,0.824610194195357,,,,,
9230,externo,9232.0,,0.8116962324060704,,,,,
9231,externo,9229.0,,0.8439012888858111,,,,,
9231,externo,9230.0,,0.824610194195357,,,,,
9231,externo,9232.0,,0.7794777199541773,,,,,
9232,externo,9229.0,,0.8306852153090887,,,,,
9232,externo,9230.0,,0.8116962324060704,,,,,
9232,externo,9231.0,,0.7794777199541773,,,,,
9240,externo,9249.0,,0.8640641661116911,,,,,
9240,externo,9089.0,,0.7573380390486416,,,,,
9240,externo,9243.0,,0.7566246488413839,,,,,
9242,externo,9089.0,,0.7991098745824592,,,,,
9242,externo,9243.0,,0.7983571365320027,,,,,
9242,externo,9250.0,,0.7617305412566276,,,,,
9243,externo,9089.0,,0.888276490005896,,,,,
9243,externo,9250.0,,0.8467262801267116,,,,,
9243,externo,9249.0,,0.8232441107338051,,,,,
9249,externo,9240.0,,0.8640641661116911,,,,,
9249,externo,9089.0,,0.8240203136868538,,,,,
9249,externo,9243.0,,0.8232441107338051,,,,,
9250,externo,9089.0,,0.8475246234497782,,,,,
9250,externo,9243.0,,0.8467262801267116,,,,,
9250,externo,9249.0,,0.7854757643673362,,,,,
9252,externo,9089.0,,0.7364569985594214,,,,,
9252,externo,9243.0,,0.7357632776795107,,,,,
9252,externo,9250.0,,0.7020083294778665,,,,,
9265,externo,9268.0,,0.9113185161916396,,,,,
9268,externo,9265.0,,0.9113185161916396,,,,,
9279,externo,9280.0,,0.8545602553005593,,,,,
9279,externo,9281.0,,0.8033615407841226,,,,,
9279,externo,9282.0,,0.7136871889401435,,,,,
9280,externo,9279.0,,0.8545602553005593,,,,,
9280,externo,9281.0,,0.7899960213828854,,,,,
9280,externo,9282.0,,0.7018135809990868,,,,,
9281,externo,9279.0,,0.8033615407841226,,,,,
9281,externo,9280.0,,0.7899960213828854,,,,,
9282,externo,9279.0,,0.7136871889401435,,,,,
9282,externo,9280.0,,0.7018135809990868,,,,,
9335,externo,9336.0,,0.7689471309410372,,,,,
9335,externo,9337.0,,0.7206130450085887,,,,,
9336,externo,9335.0,,0.7689471309410372,,,,,
9336,externo,9337.0,,0.7002112136956898,,,,,
9337,externo,9335.0,,0.7206130450085887,,,,,
9337,externo,9336.0,,0.7002112136956898,,,,,
9340,externo,9341.0,,0.8731320455608086,,,,,
9341,externo,9340.0,,0.8731320455608086,,,,,
9345,externo,9349.0,,0.7672806537000783,,,,,
9349,externo,9345.0,,0.7672806537000783,,,,,
9396,externo,9397.0,,0.7363702712338086,,,,,
9397,externo,9396.0,,0.7363702712338086,,,,,
9410,externo,9413.0,,0.9735558287593206,,,,,
9410,externo,9412.0,,0.8832950904011259,,,,,
9410,externo,9411.0,,0.8223407339359989,,,,,
9411,externo,9410.0,,0.8223407339359989,,,,,
9411,externo,9413.0,,0.7921201669698255,,,,,
9411,externo,9412.0,,0.7186807718914481,,,,,
9412,externo,9413.0,,0.907287557948042,,,,,
9412,externo,9410.0,,0.8832950904011259,,,,,
9412,externo,9411.0,,0.7186807718914481,,,,,
9413,externo,9410.0,,0.9735558287593206,,,,,
9413,externo,9412.0,,0.907287557948042,,,,,
9413,externo,9411.0,,0.7921201669698255,,,,,
9414,externo,9413.0,,0.7309918366001531,,,,,
9414,externo,9410.0,,0.7116613632975597,,,,,
9417,externo,6918.0,,0.7518802321119905,,,,,
9439,externo,9446.0,,0.9276565601451956,,,,,
9439,externo,9441.0,,0.8918920486235966,,,,,
9441,externo,9439.0,,0.8918920486235966,,,,,
9441,externo,9446.0,,0.8659683371745639,,,,,
9446,externo,9439.0,,0.9276565601451956,,,,,
9446,externo,9441.0,,0.8659683371745639,,,,,
9447,externo,9448.0,,0.7298700542692125,,,,,
9448,externo,9447.0,,0.7298700542692125,,,,,
9449,externo,9450.0,,0.7675077353545696,,,,,
9449,externo,9451.0,,0.7675077353545696,,,,,
9450,externo,9449.0,,0.7675077353545696,,,,,
9450,externo,9451.0,,0.7675077353545696,,,,,
9451,externo,9449.0,,0.7675077353545696,,,,,
9451,externo,9450.0,,0.7675077353545696,,,,,
9452,externo,9453.0,,0.7572504053410914,,,,,
9453,externo,9452.0,,0.7572504053410914,,,,,
9476,externo,9477.0,,0.8123964323812352,,,,,
9477,externo,9476.0,,0.8123964323812352,,,,,
9496,externo,9497.0,,0.8044324136115515,,,,,
9497,externo,9496.0,,0.8044324136115515,,,,,
9501,externo,9504.0,,0.7802649863042428,,,,,
9503,externo,9504.0,,0.7079471021307421,,,,,
9504,externo,9501.0,,0.7802649863042428,,,,,
9504,externo,9503.0,,0.7079471021307421,,,,,
9514,externo,9515.0,,0.8056906738757958,,,,,
9515,externo,9514.0,,0.8056906738757958,,,,,
9515,externo,9516.0,,0.7246891134420944,,,,,
9516,externo,9515.0,,0.7246891134420944,,,,,
9520,externo,9522.0,,0.8424106165711628,,,,,
9522,externo,9520.0,,0.8424106165711628,,,,,
9522,externo,9523.0,,0.7497930635925436,,,,,
9523,externo,9522.0,,0.7497930635925436,,,,,
9525,externo,9526.0,,0.9019469134045,,,,,
9526,externo,9525.0,,0.9019469134045,,,,,
9538,externo,9539.0,,0.951720169227644,,,,,
9539,externo,9538.0,,0.951720169227644,,,,,
9540,externo,9534.0,,0.799282346158924,,,,,
9540,externo,9532.0,,0.7461812074478582,,,,,
9540,externo,9530.0,,0.7431658257851393,,,,,
9556,externo,9558.0,,0.909857002761386,,,,,
9558,externo,9556.0,,0.909857002761386,,,,,
9559,externo,9561.0,,0.840399550313736,,,,,
9561,externo,9559.0,,0.840399550313736,,,,,
9564,externo,9565.0,,0.8423745510047098,,,,,
9565,externo,9564.0,,0.8423745510047098,,,,,
9569,externo,9571.0,,0.8281652293442059,,,,,
9569,externo,9576.0,,0.7308364013637563,,,,,
9571,externo,9569.0,,0.8281652293442059,,,,,
9571,externo,9576.0,,0.7419400067828389,,,,,
9575,externo,9576.0,,0.8952614532462597,,,,,
9575,interno,,"Best Protein, SL",,70.80583288374837,0.0,4.0,1.0,2-4
9576,externo,9575.0,,0.8952614532462597,,,,,
9576,externo,9571.0,,0.7419400067828389,,,,,
9576,externo,9569.0,,0.7308364013637563,,,,,
9632,interno,,"Goldnutrition, SL",,77.0308779745106,0.0,7.0,1.0,5-7
9741,externo,9740.0,,0.7754736327468252,,,,,
9746,externo,9739.0,,0.7617050090731183,,,,,
9746,externo,9748.0,,0.7394297844199766,,,,,
9746,externo,9750.0,,0.7227108694581363,,,,,
9747,externo,9746.0,,0.7223372973825756,,,,,
9747,externo,9739.0,,0.7186927524494395,,,,,
9748,externo,9746.0,,0.7394297844199766,,,,,
9748,externo,9739.0,,0.735698999530448,,,,,
9750,externo,9746.0,,0.7227108694581363,,,,,
9750,externo,9739.0,,0.7190644396711792,,,,,
9759,externo,9763.0,,0.9219629750628896,,,,,
9759,externo,9782.0,,0.9031110976177482,,,,,
9759,externo,9789.0,,0.8994076596035432,,,,,
9763,externo,9782.0,,0.9323219469518892,,,,,
9763,externo,9789.0,,0.9284987223797108,,,,,
9763,externo,9766.0,,0.9249763184406432,,,,,
9766,externo,9763.0,,0.9249763184406432,,,,,
9766,externo,9782.0,,0.9060628255276422,,,,,
9766,externo,9789.0,,0.9023472831982784,,,,,
9768,externo,9766.0,,0.8582405554015115,,,,,
9768,externo,9763.0,,0.8563076245321348,,,,,
9768,externo,9782.0,,0.8387982376807607,,,,,
9773,externo,9763.0,,0.8466309975531215,,,,,
9773,externo,9782.0,,0.8293194739466117,,,,,
9773,externo,9789.0,,0.8259186373564777,,,,,
9776,externo,9763.0,,0.9241897857199184,,,,,
9776,externo,9782.0,,0.905292375468433,,,,,
9776,externo,9789.0,,0.901579992566569,,,,,
9778,externo,9763.0,,0.9075748093704036,,,,,
9778,externo,9782.0,,0.8890171345598925,,,,,
9778,externo,9789.0,,0.8853714924455461,,,,,
9780,externo,9763.0,,0.8629527794247968,,,,,
9780,externo,9782.0,,0.8453075154839638,,,,,
9780,externo,9789.0,,0.841841115840781,,,,,
9782,externo,9763.0,,0.9323219469518892,,,,,
9782,externo,9789.0,,0.9095132049612064,,,,,
9782,externo,9766.0,,0.9060628255276422,,,,,
9787,externo,9763.0,,0.8925829274527151,,,,,
9787,externo,9782.0,,0.8743317997902227,,,,,
9787,externo,9789.0,,0.8707463786466747,,,,,
9788,externo,9763.0,,0.8264634910306741,,,,,
9788,externo,9782.0,,0.8095643433781001,,,,,
9788,externo,9789.0,,0.8062445177529695,,,,,
9789,externo,9763.0,,0.9284987223797108,,,,,
9789,externo,9782.0,,0.9095132049612064,,,,,
9789,externo,9766.0,,0.9023472831982784,,,,,
9792,externo,9763.0,,0.8949855623876104,,,,,
9792,externo,9782.0,,0.8766853067443171,,,,,
9792,externo,9789.0,,0.8730902344436264,,,,,
9804,externo,9806.0,,0.7645853278923024,,,,,
9805,externo,9806.0,,0.7591686248493448,,,,,
9806,externo,9804.0,,0.7645853278923024,,,,,
9806,externo,9805.0,,0.7591686248493448,,,,,
9806,externo,9807.0,,0.7382451489767149,,,,,
9807,externo,9806.0,,0.7382451489767149,,,,,
9909,externo,9926.0,,0.8597065389114308,,,,,
9909,externo,9922.0,,0.8562496957210542,,,,,
9909,externo,9923.0,,0.8334029762353019,,,,,
9921,externo,9922.0,,0.8628238116531016,,,,,
9921,externo,9923.0,,0.8398016795706302,,,,,
9921,externo,9926.0,,0.8300743830596022,,,,,
9922,externo,9923.0,,0.9091006744501944,,,,,
9922,externo,9926.0,,0.8985706981071203,,,,,
9922,externo,9924.0,,0.8694537054385928,,,,,
9923,externo,9922.0,,0.9091006744501944,,,,,
9923,externo,9926.0,,0.8745947565326454,,,,,
9923,externo,9924.0,,0.8462546724774476,,,,,
9924,externo,9922.0,,0.8694537054385928,,,,,
9924,externo,9923.0,,0.8462546724774476,,,,,
9924,externo,9926.0,,0.8364526319203962,,,,,
9926,externo,9922.0,,0.8985706981071203,,,,,
9926,externo,9923.0,,0.8745947565326454,,,,,
9926,externo,9909.0,,0.8597065389114308,,,,,
9927,externo,9922.0,,0.8075469046378952,,,,,
9927,externo,9923.0,,0.7859996881027551,,,,,
9927,externo,9926.0,,0.7768955719646924,,,,,
9928,externo,9929.0,,0.756134043497148,,,,,
9929,externo,7166.0,,0.7852988828554148,,,,,
9929,externo,9928.0,,0.756134043497148,,,,,
9931,externo,9932.0,,0.9058888584464672,,,,,
9932,externo,9931.0,,0.9058888584464672,,,,,
9950,externo,9952.0,,0.8590957785648958,,,,,
9950,externo,9956.0,,0.8481005399277975,,,,,
9950,externo,9954.0,,0.8283092830147363,,,,,
9952,externo,9950.0,,0.8590957785648958,,,,,
9952,externo,9956.0,,0.8470562639841777,,,,,
9952,externo,9954.0,,0.8272893762732515,,,,,
9954,externo,9956.0,,0.8612358601767078,,,,,
9954,externo,9950.0,,0.8283092830147363,,,,,
9954,externo,9952.0,,0.8272893762732515,,,,,
9955,externo,9950.0,,0.8172934697453451,,,,,
9955,externo,9952.0,,0.8162871269013643,,,,,
9955,externo,9956.0,,0.8058397798411042,,,,,
9956,externo,9954.0,,0.8612358601767078,,,,,
9956,externo,9950.0,,0.8481005399277975,,,,,
9956,externo,9952.0,,0.8470562639841777,,,,,
9957,externo,9950.0,,0.7730759241144521,,,,,
9957,externo,9952.0,,0.7721240268426816,,,,,
9957,externo,9956.0,,0.7622419064267781,,,,,
9959,externo,9950.0,,0.761217573530167,,,,,
9959,externo,9952.0,,0.7602802775817812,,,,,
9959,externo,9956.0,,0.7505497407875538,,,,,
9965,externo,9904.0,,0.8832019049327045,,,,,
9965,externo,3143.0,,0.7321786942985022,,,,,
9976,externo,9977.0,,0.947771802795381,,,,,
9977,externo,9976.0,,0.947771802795381,,,,,
