product_id,sustituto_id,score
1007,1141,0.7192334902591692
1024,1084,0.9088514196043929
1056,1067,0.9248347235273222
1056,1059,0.8928713789758531
1059,1067,0.9088668070584726
1059,1056,0.8928713789758531
1067,1056,0.9248347235273222
1067,1059,0.9088668070584726
1075,1076,0.7365843295379559
1075,1095,0.7153726696395076
1076,1075,0.7365843295379559
1084,1024,0.9088514196043929
1087,1113,0.9217198409500443
1087,1092,0.8918382212162068
1089,1101,0.8126706818621606
1092,1113,0.9067215698627495
1092,1087,0.8918382212162068
1095,1075,0.7153726696395076
1099,1100,0.9525513444863588
1100,1099,0.9525513444863588
1101,1089,0.8126706818621606
1107,1116,0.9834961671181947
1107,1170,0.9833271910305715
1107,1169,0.9700615712975275
1113,1087,0.9217198409500443
1113,1092,0.9067215698627495
1116,1107,0.9834961671181947
1116,1170,0.9796298695015794
1116,1169,0.9664141286510495
1141,1007,0.7192334902591692
1162,1163,0.8172660546094239
1163,1162,0.8172660546094239
1169,1107,0.9700615712975275
1169,1116,0.9664141286510495
1169,1170,0.9662480874564389
1170,1107,0.9833271910305715
1170,1116,0.9796298695015794
1170,1169,0.9662480874564389
1277,1581,0.9524123366575258
1282,1300,0.9479124217733216
1282,1690,0.923568044796167
1300,1282,0.9479124217733216
1300,1690,0.9340861976801388
1307,1353,0.9593176365502124
1307,1783,0.8613860872187777
1307,1340,0.8045815338642085
1321,1357,0.8594169194109957
1323,1411,0.9456129122614965
1323,1771,0.9309242906396372
1323,1773,0.9297274353372071
1334,1777,0.7325177007459127
1334,1361,0.7242037300039486
1340,1353,0.8117153027508636
1340,1307,0.8045815338642085
1340,1783,0.7595057891772046
1351,1364,0.8202635214810329
1353,1307,0.9593176365502124
1353,1783,0.8690235099158741
1353,1340,0.8117153027508636
1357,1321,0.8594169194109957
1361,1777,0.8746127905327423
1361,1363,0.8170450017926787
1361,1781,0.750248096177581
1362,1785,0.9013479811543658
1363,1777,0.8264248046828618
1363,1361,0.8170450017926787
1363,1781,0.7089121529649467
1364,1351,0.8202635214810329
1368,1777,0.7314443760322985
1368,1361,0.7231425873717455
1369,1378,0.9064516355845477
1369,1373,0.9033551122013799
1369,1788,0.8998153592588285
1373,1788,0.9420812143061257
1373,1378,0.9311001792934833
1373,1369,0.9033551122013799
1375,1795,0.9188986489256048
1378,1373,0.9311001792934833
1378,1788,0.9274517086589038
1378,1369,0.9064516355845477
1411,1771,0.953287701582649
1411,1773,0.9520620944609393
1411,1770,0.9518425326657413
1427,1428,0.8824404901198221
1428,1427,0.8824404901198221
1456,1461,0.9440259644869972
1456,1457,0.9295706369534829
1456,1459,0.9070338280446288
1457,1456,0.9295706369534829
1457,1461,0.9295706369534829
1457,1459,0.8931449398555341
1459,1456,0.9070338280446288
1459,1461,0.9070338280446288
1459,1457,0.8931449398555341
1461,1456,0.9440259644869972
1461,1457,0.9295706369534829
1461,1459,0.9070338280446288
1507,1508,0.93866082799853
1508,1507,0.93866082799853
1581,1277,0.9524123366575258
1665,1666,0.8723678457382961
1666,1665,0.8723678457382961
1690,1300,0.9340861976801388
1690,1282,0.923568044796167
1770,1411,0.9518425326657413
1770,1771,0.9370571436078845
1770,1773,0.9358524035207647
1771,1411,0.953287701582649
1771,1773,0.9372732948530671
1771,1770,0.9370571436078845
1772,1411,0.9048827475361054
1772,1771,0.8908268054922104
1772,1773,0.8896815020594603
1773,1411,0.9520620944609393
1773,1771,0.9372732948530671
1773,1770,0.9358524035207647
1774,1411,0.9081787780228887
1774,1771,0.8940716372865407
1774,1773,0.8929221620922654
1775,1411,0.9203886069749474
1775,1771,0.9060918055907606
1775,1773,0.9049268765058567
1777,1361,0.8746127905327423
1777,1363,0.8264248046828618
1777,1781,0.7588610602682255
1781,1777,0.7588610602682255
1781,1361,0.750248096177581
1781,1363,0.7089121529649467
1783,1353,0.8690235099158741
1783,1307,0.8613860872187777
1783,1340,0.7595057891772046
1785,1362,0.9013479811543658
1788,1373,0.9420812143061257
1788,1378,0.9274517086589038
1788,1369,0.8998153592588285
1789,1378,0.8741266826874529
1789,1373,0.8711405843601578
1789,1788,0.8677270624735656
1791,1378,0.8961109425619138
1791,1373,0.8930497439511724
1791,1788,0.8895503720914261
1795,1375,0.9188986489256048
1844,1848,0.8531671433588921
1844,1854,0.8185121436359016
1844,1895,0.7922814508009173
1848,1854,0.8796336637217661
1848,1844,0.8531671433588921
1848,1895,0.8514442219159262
1854,1895,0.9175838171896262
1854,1848,0.8796336637217661
1854,1844,0.8185121436359016
1895,1854,0.9175838171896262
1895,1848,0.8514442219159262
1895,1844,0.7922814508009173
1896,1848,0.8163450952292175
1896,1854,0.783185779063273
1896,1844,0.7596211939133715
1912,1914,0.9139200479737414
1912,1913,0.8645008505943401
1913,1912,0.8645008505943401
1913,1914,0.8179239547435692
1914,1912,0.9139200479737414
1914,1913,0.8179239547435692
1916,1918,0.8232815518226784
1916,1917,0.7542799597741195
1917,1916,0.7542799597741195
1917,1918,0.7112562982328205
1918,1916,0.8232815518226784
1918,1917,0.7112562982328205
1927,1928,0.9631400507063272
1927,1929,0.9003721728386896
1928,1927,0.9631400507063272
1928,1929,0.9163556985642722
1929,1928,0.9163556985642722
1929,1927,0.9003721728386896
1947,1950,0.9577826635260132
1947,1948,0.8902332197546503
1947,1949,0.7395903257336549
1948,1947,0.8902332197546503
1948,1950,0.8526499443759474
1948,1949,0.7797082882408398
1949,1948,0.7797082882408398
1949,1947,0.7395903257336549
1949,1950,0.7083667920992515
1950,1947,0.9577826635260132
1950,1948,0.8526499443759474
1950,1949,0.7083667920992515
1981,1995,0.7029180598350825
1993,1995,0.8781667543966338
1995,1993,0.8781667543966338
1995,1981,0.7029180598350825
2001,2005,0.7460273056786398
2005,2001,0.7460273056786398
2057,2063,0.8093600507603695
2057,2065,0.734064728585735
2063,2065,0.9229022492493906
2063,2064,0.8559803980620737
2063,2057,0.8093600507603695
2064,2065,0.8656515776929284
2064,2063,0.8559803980620737
2065,2063,0.9229022492493906
2065,2064,0.8656515776929284
2065,2057,0.734064728585735
2079,2089,0.9571918511296653
2079,2099,0.9363619592004828
2081,2123,0.9457206794803908
2081,2124,0.908569846243547
2089,2079,0.9571918511296653
2089,2099,0.9272510239723963
2099,2079,0.9363619592004828
2099,2089,0.9272510239723963
2106,2112,0.9396666639181449
2112,2106,0.9396666639181449
2123,2081,0.9457206794803908
2123,2124,0.9199076421738417
2124,2123,0.9199076421738417
2124,2081,0.908569846243547
2141,2150,0.8249653701278619
2141,2145,0.7762969259794157
2141,2146,0.7228853129125146
2145,2150,0.8045343850522728
2145,2141,0.7762969259794157
2145,2146,0.7287866799125937
2146,2150,0.749179948063856
2146,2145,0.7287866799125937
2146,2141,0.7228853129125146
2150,2141,0.8249653701278619
2150,2145,0.8045343850522728
2150,2146,0.749179948063856
2158,2294,0.9189130587675478
2158,2295,0.8928514353381622
2158,2298,0.8674655763505663
2162,2260,0.7219204311245284
2214,2224,0.7221659523531864
2217,2224,0.8919785469742937
2217,2222,0.760544526091326
2218,2224,0.7263270635973023
2222,2224,0.8526488990920142
2222,2217,0.760544526091326
2222,2223,0.7011351225022621
2223,2224,0.7644697280763876
2223,2222,0.7011351225022621
2224,2217,0.8919785469742937
2224,2222,0.8526488990920142
2224,2223,0.7644697280763876
2240,2256,0.7291653714135939
2256,2240,0.7291653714135939
2260,2264,0.7329432038653205
2260,2162,0.7219204311245284
2264,2260,0.7329432038653205
2270,2272,0.7535592085505767
2272,2270,0.7535592085505767
2289,2158,0.8545628343741031
2289,2294,0.7852689480437722
2289,2295,0.762997653257566
2293,2158,0.7437573113052658
2293,2294,0.7097251246257732
2294,2158,0.9189130587675478
2294,2295,0.8204528434715858
2294,2298,0.7971254461398524
2295,2158,0.8928514353381622
2295,2294,0.8204528434715858
2295,2298,0.7745178849510489
2296,2158,0.7574177227379697
2296,2294,0.7227604750810181
2298,2158,0.8674655763505663
2298,2294,0.7971254461398524
2298,2295,0.7745178849510489
2299,2158,0.8170332542943957
2299,2294,0.7507825268184665
2299,2295,0.7294893138157605
2320,2328,0.7707489583040232
2328,2320,0.7707489583040232
2328,2481,0.7204214854738339
2339,2340,0.905644465218066
2339,2377,0.9047698374693774
2340,2339,0.905644465218066
2340,2377,0.8854545504527771
2355,2357,0.9292244193514497
2355,2356,0.815106623306354
2356,2355,0.815106623306354
2356,2357,0.8015711352431676
2357,2355,0.9292244193514497
2357,2356,0.8015711352431676
2374,2375,0.711043118799521
2375,2374,0.711043118799521
2377,2339,0.9047698374693774
2377,2340,0.8854545504527771
2385,2387,0.9421598947430474
2387,2385,0.9421598947430474
2400,2402,0.9287611609676699
2400,2401,0.8140954039363462
2401,2400,0.8140954039363462
2401,2402,0.800488798577162
2402,2400,0.9287611609676699
2402,2401,0.800488798577162
2431,2433,0.8691604411952442
2431,2432,0.7574433901866295
2432,2431,0.7574433901866295
2433,2431,0.8691604411952442
2468,2469,0.9362878582833125
2468,2473,0.9308826244413451
2468,2471,0.9302204533571126
2469,2468,0.9362878582833125
2469,2473,0.8715740987513363
2469,2471,0.8709541160050629
2471,2468,0.9302204533571126
2471,2473,0.915640739135517
2471,2469,0.8709541160050629
2472,2468,0.8235044337710042
2472,2473,0.8105973220629491
2472,2471,0.8100207143429923
2473,2468,0.9308826244413451
2473,2471,0.915640739135517
2473,2469,0.8715740987513363
2481,2328,0.7204214854738339
2501,4913,0.759834031634928
2504,2598,0.7471598396714905
2508,2641,0.8119709634712299
2508,2642,0.738269585465813
2539,2541,0.8135735058721398
2541,2539,0.8135735058721398
2541,2542,0.7671156461652497
2542,2541,0.7671156461652497
2554,2555,0.9236062966108524
2555,2554,0.9236062966108524
2557,2564,0.9425929308452645
2557,2558,0.9376397927555198
2557,2565,0.878108023589296
2558,2557,0.9376397927555198
2558,2565,0.9365089135228862
2558,2564,0.8838126403305716
2560,2557,0.8666785712258549
2560,2558,0.8539881599298237
2560,2564,0.8169250945525646
2561,2557,0.8053343279274972
2561,2558,0.7935421546910489
2561,2564,0.7591024444714807
2564,2557,0.9425929308452645
2564,2558,0.8838126403305716
2564,2565,0.8276984155537769
2565,2558,0.9365089135228862
2565,2557,0.878108023589296
2565,2564,0.8276984155537769
2598,2651,0.8833367530694562
2598,2504,0.7471598396714905
2641,2642,0.8634759269027847
2641,2508,0.8119709634712299
2642,2641,0.8634759269027847
2642,2508,0.738269585465813
2650,2651,0.7962202741567993
2651,2598,0.8833367530694562
2651,2650,0.7962202741567993
2655,2658,0.8309994610818832
2657,2660,0.9346321162016277
2657,2673,0.9027659856059971
2657,2820,0.8866348390223653
2658,2655,0.8309994610818832
2660,2657,0.9346321162016277
2660,2673,0.8893796802010379
2660,2820,0.8734877278916077
2664,2841,0.890572510208572
2664,2843,0.8904925819617054
2664,2845,0.8447712234866183
2670,2766,0.8045924163283842
2670,2664,0.7881634704303937
2670,2841,0.7679994354613584
2673,2657,0.9027659856059971
2673,2660,0.8893796802010379
2673,2820,0.8437063053102869
2684,2770,0.9115110241465747
2684,3087,0.906152538147582
2684,3086,0.8570341634053368
2693,3032,0.8779829245770073
2693,3040,0.8768930297222591
2693,3043,0.8267652196934314
2695,2734,0.7808336739212971
2706,3096,0.9301743320965672
2712,2931,0.7910372425017017
2718,2775,0.8152190348861251
2718,3330,0.8117745184641735
2718,3331,0.7973161408688453
2721,2725,0.8304179511331743
2725,2721,0.8304179511331743
2734,2695,0.7808336739212971
2736,3322,0.8559979459250857
2766,2670,0.8045924163283842
2766,2664,0.7506407664848491
2766,2841,0.7314366962222187
2769,3063,0.8933431479353002
2770,2684,0.9115110241465747
2770,3087,0.8965247445111214
2770,3085,0.8164527154308648
2775,2718,0.8152190348861251
2775,3330,0.7431295248773528
2775,3331,0.7298937715634384
2778,2657,0.7589759621721772
2778,2660,0.7477217897879138
2778,2673,0.7222283364927137
2786,2924,0.8137264048079135
2786,2925,0.7657108037748631
2788,3063,0.7339095057891412
2792,3086,0.8805131090548803
2792,2684,0.7802568668474119
2792,2770,0.771966704009271
2793,3125,0.8572112739620021
2807,2809,0.8474687515690285
2809,2807,0.8474687515690285
2813,2657,0.8246637920782885
2813,2660,0.8124355939038066
2813,2673,0.7847357339406246
2814,2657,0.7702066094806277
2814,2660,0.7587859079214028
2814,2673,0.7329152253107794
2820,2657,0.8866348390223653
2820,2660,0.8734877278916077
2820,2673,0.8437063053102869
2822,2657,0.862144012084993
2822,2660,0.8057874824855583
2822,2673,0.778314288804217
2830,2833,0.908854761219512
2830,2831,0.8422053590664862
2830,2832,0.7719125116909091
2831,2833,0.9266666083548984
2831,2830,0.8422053590664862
2831,2832,0.835205909232799
2832,2833,0.8493243856203692
2832,2831,0.835205909232799
2832,2830,0.7719125116909091
2833,2831,0.9266666083548984
2833,2830,0.908854761219512
2833,2832,0.8493243856203692
2836,2837,0.7573072626859378
2837,2836,0.7573072626859378
2839,2664,0.7209586350059607
2839,2841,0.7025139396186577
2841,2664,0.890572510208572
2841,2845,0.8231589601297323
2841,2848,0.8199086791266303
2843,2664,0.8904925819617054
2843,2841,0.7930482140397486
2843,2845,0.7522625079695476
2844,2849,0.7503817163057487
2844,2664,0.7236645758040626
2844,2841,0.705150652792131
2845,2664,0.8447712234866183
2845,2841,0.8231589601297323
2845,2848,0.7777415651993183
2848,2664,0.8414356054679151
2848,2841,0.8199086791266303
2848,2845,0.7777415651993183
2849,2844,0.7503817163057487
2849,2664,0.7418178520066938
2849,2841,0.7228395033903219
2855,2856,0.9515283280762827
2855,2857,0.9510515105151579
2855,2858,0.8965126509578266
2856,2855,0.9515283280762827
2856,2857,0.9405786258860687
2856,2858,0.8866403428249953
2857,2855,0.9510515105151579
2857,2856,0.9405786258860687
2857,2858,0.8861960410912619
2858,2855,0.8965126509578266
2858,2856,0.8866403428249953
2858,2857,0.8861960410912619
2860,2861,0.8390383769219181
2860,2862,0.7037099529999239
2861,2860,0.8390383769219181
2861,2862,0.7103359576900586
2862,2861,0.7103359576900586
2862,2860,0.7037099529999239
2867,2871,0.7224762345030544
2871,2867,0.7224762345030544
2892,2902,0.7330032677420414
2902,2892,0.7330032677420414
2922,2924,0.7580656548738947
2922,2925,0.7133344309315239
2923,2924,0.7668349497179716
2923,2925,0.7215862754875353
2924,2925,0.8441605441483749
2924,2786,0.8137264048079135
2924,2923,0.7668349497179716
2925,2924,0.8441605441483749
2925,2786,0.7657108037748631
2925,2923,0.7215862754875353
2931,2712,0.7910372425017017
2944,2949,0.8734018520674357
2949,2944,0.8734018520674357
3012,3013,0.9406603224150212
3012,3014,0.9274236716336103
3012,3015,0.8636608618718531
3013,3012,0.9406603224150212
3013,3014,0.9400846283542461
3013,3015,0.8754513446122878
3014,3013,0.9400846283542461
3014,3012,0.9274236716336103
3014,3015,0.8631322922948702
3015,3013,0.8754513446122878
3015,3012,0.8636608618718531
3015,3014,0.8631322922948702
3017,3013,0.8450917582627704
3017,3012,0.8337101551032098
3017,3014,0.8331999156753698
3030,2693,0.7487482801212241
3030,3032,0.7281290496705781
3030,3040,0.7272251777584781
3031,2693,0.7660117133497173
3031,3032,0.7449170778563379
3031,3040,0.743992365919872
3032,2693,0.8779829245770073
3032,3040,0.8527449148745281
3032,3043,0.8039975378889699
3034,2693,0.7447628680781246
3034,3032,0.724253388970539
3034,3040,0.7233543281573082
3035,2693,0.8050570234521858
3035,3032,0.7828871477634106
3035,3040,0.7819153012157039
3037,3043,0.8721537722138585
3037,2693,0.7210664050908455
3037,3032,0.7012094855205196
3039,2693,0.7109825039109595
3040,2693,0.8768930297222591
3040,3032,0.8527449148745281
3040,3043,0.8029994856999737
3043,3037,0.8721537722138585
3043,2693,0.8267652196934314
3043,3032,0.8039975378889699
3049,2693,0.7997565421585607
3049,3032,0.7777326325416876
3049,3040,0.7767671846145707
3055,2693,0.7326272766363201
3063,2769,0.8933431479353002
3063,2788,0.7339095057891412
3078,3079,0.7933850316399095
3079,3078,0.7933850316399095
3085,2684,0.8252206142604531
3085,2770,0.8164527154308648
3085,3087,0.8116530472660479
3086,2792,0.8805131090548803
3086,2684,0.8570341634053368
3086,2770,0.7811960880142014
3087,2684,0.906152538147582
3087,2770,0.8965247445111214
3087,3085,0.8116530472660479
3096,2706,0.9301743320965672
3108,3111,0.8515580546534267
3111,3108,0.8515580546534267
3125,2793,0.8572112739620021
3143,9965,0.7321786942985022
3150,3151,0.7865520984221361
3151,3150,0.7865520984221361
3160,3164,0.8379682635061286
3160,3165,0.818294534409138
3160,3161,0.7798428991269537
3161,3164,0.8573879209785775
3161,3165,0.837258259244388
3161,3160,0.7798428991269537
3162,3164,0.7387443009095626
3162,3165,0.721400141373938
3164,3165,0.8996630608429356
3164,3161,0.8573879209785775
3164,3160,0.8379682635061286
3165,3164,0.8996630608429356
3165,3161,0.837258259244388
3165,3160,0.818294534409138
3166,3164,0.8379682635061286
3166,3165,0.818294534409138
3166,3161,0.7798428991269537
3167,3164,0.7502708531651956
3167,3165,0.7326560744708563
3169,3164,0.7413641432059199
3169,3165,0.7239584752935943
3171,3177,0.8166406435230414
3171,3164,0.8033208669555453
3171,3165,0.7844605857220812
3172,3164,0.7770717331349466
3176,3178,0.7202442970915485
3177,3171,0.8166406435230414
3177,3164,0.7673925718157394
3177,3165,0.7493758112456234
3178,3164,0.7302457540841407
3178,3176,0.7202442970915485
3178,3165,0.7131011225202104
3179,3164,0.764785114523981
3179,3165,0.7468295715567553
3179,3161,0.7117360727052866
3267,3269,0.8996847001198356
3269,3267,0.8996847001198356
3283,3284,0.9129350919905301
3284,3283,0.9129350919905301
3301,3305,0.7249260187184812
3305,3301,0.7249260187184812
3317,3318,0.8513483288886117
3318,3317,0.8513483288886117
3322,2736,0.8559979459250857
3330,2718,0.8117745184641735
3330,2775,0.7431295248773528
3330,3331,0.7268097769867148
3331,2718,0.7973161408688453
3331,2775,0.7298937715634384
3331,3330,0.7268097769867148
3366,3372,0.8921168702447263
3366,3379,0.882645233774662
3372,3379,0.9272683825159054
3372,3366,0.8921168702447263
3379,3372,0.9272683825159054
3379,3366,0.882645233774662
3386,3408,0.98726701244026
3393,3404,0.9387104680947012
3393,3394,0.7440569629291837
3394,3393,0.7440569629291837
3394,3404,0.7075773180607516
3404,3393,0.9387104680947012
3404,3394,0.7075773180607516
3408,3386,0.98726701244026
3415,3417,0.8920734677156289
3417,3415,0.8920734677156289
3480,3481,0.7524606932846345
3481,3480,0.7524606932846345
3500,3502,0.7263399032628943
3502,3500,0.7263399032628943
3539,3544,0.7025864860232116
3544,3539,0.7025864860232116
3868,3938,0.9111994101868404
3868,3875,0.8962743483271792
3868,3869,0.8880110642440461
3869,3938,0.9049573609153052
3869,3875,0.8901345411888886
3869,3868,0.8880110642440461
3875,3938,0.9133783367989015
3875,3868,0.8962743483271792
3875,3869,0.8901345411888886
3937,3938,0.8766054566528401
3937,3875,0.8622470291552
3937,3868,0.8601900797813171
3938,3875,0.9133783367989015
3938,3868,0.9111994101868404
3938,3869,0.9049573609153052
3939,3938,0.8621198989045034
3939,3875,0.8479987387306221
3939,3868,0.845975779629917
4042,4050,0.9149399527049331
4042,4045,0.8713499616035003
4042,4048,0.8296472684729148
4045,4042,0.8713499616035003
4045,4050,0.8472095095767097
4045,4048,0.768230803963235
4048,4042,0.8296472684729148
4048,4050,0.8007664014140505
4048,4045,0.768230803963235
4050,4042,0.9149399527049331
4050,4045,0.8472095095767097
4050,4048,0.8007664014140505
4055,4059,0.8728556737617856
4055,4058,0.8655914531663582
4055,4057,0.8341809429990314
4057,4059,0.85716777972223
4057,4058,0.8500341194547087
4057,4055,0.8341809429990314
4058,4059,0.8894438434300307
4058,4055,0.8655914531663582
4058,4057,0.8500341194547087
4059,4058,0.8894438434300307
4059,4055,0.8728556737617856
4059,4057,0.85716777972223
4067,4069,0.9139118024376616
4069,4067,0.9139118024376616
4110,4111,0.758664982772778
4111,4110,0.758664982772778
4113,4123,0.8493049832045225
4120,4121,0.9388671714710595
4121,4120,0.9388671714710595
4123,4113,0.8493049832045225
4143,4157,0.8666577813421799
4143,4201,0.8559472938911967
4143,4168,0.844191671813507
4146,4154,0.9318691488427578
4146,4157,0.8744463748939472
4146,4220,0.8550490762623854
4152,4174,0.9441760959578462
4153,4168,0.9507298946486742
4153,4169,0.9396100923678317
4153,4154,0.8849246964197997
4154,4146,0.9318691488427578
4154,4168,0.8949413237054783
4154,4153,0.8849246964197997
4157,4169,0.9229000776699713
4157,4177,0.9085773407794685
4157,4222,0.9082773933287339
4159,4185,0.9340675118512483
4159,4195,0.9334332518568835
4168,4153,0.9507298946486742
4168,4169,0.9502457138248759
4168,4154,0.8949413237054783
4169,4168,0.9502457138248759
4169,4153,0.9396100923678317
4169,4157,0.9229000776699713
4170,4253,0.8777758207284825
4170,4173,0.8758309101961386
4170,4254,0.7871837218683051
4173,4253,0.8782993066057339
4173,4170,0.8758309101961386
4173,4254,0.7876531806429364
4174,4152,0.9441760959578462
4177,4157,0.9085773407794685
4177,4222,0.8841169824260995
4177,4201,0.8594579112585163
4180,4262,0.9206221383233212
4183,4266,0.8344281956501337
4185,4159,0.9340675118512483
4185,4195,0.9194733621443654
4195,4159,0.9334332518568835
4195,4185,0.9194733621443654
4201,4157,0.8829444596477859
4201,4168,0.8600561554460261
4201,4177,0.8594579112585163
4202,4157,0.8218920997142519
4202,4153,0.81211689426603
4202,4177,0.8000295597098698
4220,4146,0.8550490762623854
4220,4157,0.824541264726025
4220,4153,0.8147345513313641
4222,4157,0.9082773933287339
4222,4177,0.8841169824260995
4222,4201,0.85917417954089
4223,4157,0.7879751672272991
4223,4177,0.7670148262993891
4223,4222,0.766761612696652
4225,4157,0.7387660892831115
4225,4177,0.7191147224109292
4225,4222,0.7188773220069221
4234,4235,0.7447033939877084
4235,4234,0.7447033939877084
4244,4245,0.9676833729592766
4244,4246,0.9673589356386235
4245,4244,0.9676833729592766
4245,4246,0.9602466283632909
4246,4244,0.9673589356386235
4246,4245,0.9602466283632909
4247,4248,0.7188136207661457
4248,4247,0.7188136207661457
4253,4173,0.8782993066057339
4253,4170,0.8777758207284825
4253,4254,0.78940227964028
4254,4253,0.78940227964028
4254,4173,0.7876531806429364
4254,4170,0.7871837218683051
4257,4258,0.8861703538307218
4258,4257,0.8861703538307218
4262,4180,0.9206221383233212
4266,4183,0.8344281956501337
4290,4381,0.7778007754438847
4290,4379,0.7386104848669883
4290,4380,0.7382726736061271
4293,4362,0.8601391063879565
4295,4298,0.9077362432176881
4295,4302,0.7904206180839792
4298,4295,0.9077362432176881
4298,4302,0.7854977662252494
4302,4295,0.7904206180839792
4302,4298,0.7854977662252494
4303,4388,0.8274372618327006
4303,4389,0.8263022762083303
4303,4391,0.8085205826379817
4309,4442,0.7829488839367204
4309,4443,0.7179756339010555
4339,4340,0.9035338346974287
4339,4353,0.7291128321088868
4340,4339,0.9035338346974287
4340,4355,0.7286421111068127
4353,4355,0.8886788731060634
4353,4339,0.7291128321088868
4355,4353,0.8886788731060634
4355,4340,0.7286421111068127
4362,4293,0.8601391063879565
4379,4290,0.7386104848669883
4380,4290,0.7382726736061271
4381,4290,0.7778007754438847
4388,4303,0.8274372618327006
4388,4389,0.7585642669968311
4388,4391,0.7422402682163255
4389,4390,0.8540921259378276
4389,4303,0.8263022762083303
4389,4391,0.7922192625778329
4390,4389,0.8540921259378276
4390,4303,0.7445428662986521
4391,4303,0.8085205826379817
4391,4389,0.7922192625778329
4391,4388,0.7422402682163255
4421,4425,0.794259174068465
4421,4424,0.7793205108080319
4421,4422,0.7428100105583741
4422,4425,0.8739963540380217
4422,4424,0.8575579701324996
4422,4423,0.8067536149758763
4423,4425,0.8626316969339397
4423,4424,0.8464070628862612
4423,4422,0.8067536149758763
4424,4425,0.9169549082426403
4424,4422,0.8575579701324996
4424,4423,0.8464070628862612
4425,4424,0.9169549082426403
4425,4422,0.8739963540380217
4425,4423,0.8626316969339397
4442,4443,0.8003491765432353
4442,4309,0.7829488839367204
4443,4442,0.8003491765432353
4443,4309,0.7179756339010555
4449,4452,0.9115736389350375
4452,4449,0.9115736389350375
4501,4505,0.844688606384873
4501,4502,0.7400291766983644
4502,4505,0.8002079221155417
4502,4501,0.7400291766983644
4505,4501,0.844688606384873
4505,4502,0.8002079221155417
4544,4547,0.8627309405630683
4547,4544,0.8627309405630683
4555,4559,0.891616682730017
4555,4558,0.8900126102804378
4555,4560,0.86923585623155
4558,4559,0.9277486747479025
4558,4560,0.9044608846853169
4558,4555,0.8900126102804378
4559,4558,0.9277486747479025
4559,4560,0.9060909973040459
4559,4555,0.891616682730017
4560,4559,0.9060909973040459
4560,4558,0.9044608846853169
4560,4555,0.86923585623155
4561,4563,0.7436222626262458
4563,4561,0.7436222626262458
4567,4568,0.8327212084574447
4568,4567,0.8327212084574447
4579,4584,0.7489221379474882
4584,4579,0.7489221379474882
4611,4615,0.9572501121182083
4612,4613,0.9488580636974774
4613,4612,0.9488580636974774
4615,4611,0.9572501121182083
4627,4645,0.9622696704226138
4638,4860,0.7841213382055152
4638,4877,0.7454353329156577
4638,4836,0.7242807225452144
4639,4882,0.7053632640483777
4645,4627,0.9622696704226138
4653,4826,0.9036395275555458
4653,4825,0.8839306010176314
4653,4817,0.7761178024811148
4689,5036,0.8276637773040052
4689,4690,0.7610070987380173
4690,5036,0.7821112172681324
4690,4689,0.7610070987380173
4710,5031,0.7648839941299505
4784,4862,0.9546368977155402
4786,4864,0.9492646379411656
4786,4842,0.8048910733050044
4787,4866,0.7505101482994249
4792,4794,0.7650242273334333
4794,4792,0.7650242273334333
4813,4867,0.7195486813537877
4815,4817,0.9159146487075333
4815,4820,0.7541450886674488
4815,4822,0.7473158785263007
4817,4815,0.9159146487075333
4817,4820,0.8233792195939207
4817,4822,0.8159230552550438
4819,4817,0.7041016266714843
4820,4817,0.8233792195939207
4820,4822,0.76609807882432
4820,4815,0.7541450886674488
4822,4817,0.8159230552550438
4822,4820,0.76609807882432
4822,4815,0.7473158785263007
4823,4817,0.7749985763952911
4823,4820,0.7276726851190976
4823,4822,0.7210831975585108
4825,4653,0.8839306010176314
4825,4826,0.7987546306954618
4826,4653,0.9036395275555458
4826,4825,0.7987546306954618
4826,4817,0.7013307243614827
4831,4836,0.7368473470847794
4831,4838,0.7303550705567154
4831,4834,0.7214126127618109
4832,4877,0.9227574845353685
4832,4836,0.7401194152305722
4832,4838,0.7335983088895146
4834,4836,0.7629874235023235
4834,4838,0.7562648297922286
4834,4832,0.7246161409274888
4836,4838,0.7724452326839395
4836,4834,0.7629874235023235
4836,4832,0.7401194152305722
4837,4836,0.7194244452813986
4837,4838,0.7130856799207104
4837,4834,0.7043546683156552
4838,4860,0.9155460183389948
4838,4836,0.7724452326839395
4838,4834,0.7562648297922286
4841,4863,0.8679953431989852
4842,4864,0.8222170707020431
4842,4786,0.8048910733050044
4842,4836,0.7057585083168255
4843,4844,0.8741244880032674
4844,4843,0.8741244880032674
4849,4853,0.7511050809825388
4849,4851,0.7503509389813828
4851,4849,0.7503509389813828
4851,4853,0.7352454309629654
4853,4849,0.7511050809825388
4853,4851,0.7352454309629654
4858,4836,0.7203438180463042
4860,4838,0.9155460183389948
4860,4638,0.7841213382055152
4862,4784,0.9546368977155402
4863,4841,0.8679953431989852
4864,4786,0.9492646379411656
4864,4842,0.8222170707020431
4866,4787,0.7505101482994249
4867,4813,0.7195486813537877
4871,4872,0.9248306283487023
4872,4871,0.9248306283487023
4874,4875,0.7119508580299267
4875,4874,0.7119508580299267
4877,4832,0.9227574845353685
4877,4638,0.7454353329156577
4882,4639,0.7053632640483777
4913,2501,0.759834031634928
4913,4914,0.7588789595924058
4914,4913,0.7588789595924058
5031,4710,0.7648839941299505
5036,4689,0.8276637773040052
5036,4690,0.7821112172681324
5091,5093,0.7297401673852026
5093,5091,0.7297401673852026
5182,5207,0.7160410505486269
5197,5205,0.7866354417492967
5205,5197,0.7866354417492967
5207,5182,0.7160410505486269
5215,5246,0.9378953895335396
5219,5228,0.8648484371164814
5219,5227,0.8450409012904556
5227,5228,0.8943356488357816
5227,5219,0.8450409012904556
5228,5227,0.8943356488357816
5228,5219,0.8648484371164814
5231,5233,0.8813187827816876
5233,5231,0.8813187827816876
5246,5215,0.9378953895335396
5311,5314,0.868398219659401
5314,5311,0.868398219659401
5324,5328,0.8506669771398431
5324,5331,0.8231269713623796
5328,5331,0.8739142087795191
5328,5324,0.8506669771398431
5331,5328,0.8739142087795191
5331,5324,0.8231269713623796
5516,5517,0.8579360341076466
5517,5516,0.8579360341076466
5543,5545,0.7355811895433463
5545,5543,0.7355811895433463
5551,5552,0.9105438409578064
5552,5551,0.9105438409578064
5682,5683,0.900985517780408
5683,5682,0.900985517780408
5704,5705,0.8740428732828116
5705,5704,0.8740428732828116
5718,5719,0.9003469109816483
5719,5718,0.9003469109816483
5721,5722,0.9192405553220758
5722,5721,0.9192405553220758
5725,5728,0.9420839719352344
5725,5726,0.8178414168793218
5725,5727,0.7516907584729691
5726,5725,0.8178414168793218
5726,5728,0.8070897125476071
5727,5725,0.7516907584729691
5727,5728,0.7418086999012447
5728,5725,0.9420839719352344
5728,5726,0.8070897125476071
5728,5727,0.7418086999012447
5762,5766,0.8490405193308452
5766,5762,0.8490405193308452
5807,5808,0.8102723212101116
5808,5807,0.8102723212101116
5819,5820,0.9134062629304408
5819,5823,0.8066237492647913
5820,5819,0.9134062629304408
5820,5823,0.848492563509468
5823,5820,0.848492563509468
5823,5819,0.8066237492647913
5884,5885,0.8948963258124052
5884,5887,0.8681729971746246
5884,5893,0.7929953228293605
5885,5884,0.8948963258124052
5885,5887,0.8913485501010845
5885,5893,0.8141640359020736
5887,5885,0.8913485501010845
5887,5884,0.8681729971746246
5887,5893,0.7898515290016552
5893,5885,0.8141640359020736
5893,5884,0.7929953228293605
5893,5887,0.7898515290016552
5897,5901,0.8635067928491955
5897,5900,0.8021861622078349
5897,5898,0.7945559509586886
5898,5901,0.8321954637201382
5898,5897,0.7945559509586886
5898,5900,0.7730983598238051
5900,5901,0.8401871314952071
5900,5897,0.8021861622078349
5900,5898,0.7730983598238051
5901,5897,0.8635067928491955
5901,5900,0.8401871314952071
5901,5898,0.8321954637201382
5972,5974,0.8126913147568439
5974,5972,0.8126913147568439
5989,5990,0.8577090371180609
5989,5991,0.8240891251678684
5990,5991,0.8705735444791193
5990,5989,0.8577090371180609
5991,5990,0.8705735444791193
5991,5989,0.8240891251678684
5995,6004,0.7983929604463277
5995,5997,0.7811234123826954
5995,6001,0.7693543110820877
5996,6004,0.7332323636244844
5996,5995,0.7207129671352027
5996,5997,0.7173722644343001
5997,6004,0.7946921896249746
5997,5995,0.7811234123826954
5997,6001,0.7657881423822247
5999,6004,0.7033468902173395
6001,6004,0.7827186490368506
6001,5995,0.7693543110820877
6001,5997,0.7657881423822247
6002,6004,0.7554877408446564
6002,5995,0.7425883503653924
6002,5997,0.739146249250457
6004,5995,0.7983929604463277
6004,5997,0.7946921896249746
6004,6001,0.7827186490368506
6012,6013,0.8403284838941125
6013,6012,0.8403284838941125
6021,6022,0.9060502162380853
6022,6021,0.9060502162380853
6024,6026,0.8718130081280351
6026,6024,0.8718130081280351
6039,6078,0.947301532827493
6039,6079,0.8798360224489015
6044,6071,0.7453377577865234
6044,6070,0.7341683148041831
6044,6074,0.7027977717396643
6057,6059,0.7686151784034951
6058,6059,0.9021047443821144
6058,6060,0.8086574263530143
6059,6058,0.9021047443821144
6059,6060,0.8964118982734033
6059,6057,0.7686151784034951
6060,6059,0.8964118982734033
6060,6058,0.8086574263530143
6062,6068,0.8658953901177346
6062,6065,0.8474312537198806
6062,6067,0.7670502373903796
6065,6062,0.8474312537198806
6065,6068,0.7996761062323027
6065,6067,0.7083901290172014
6067,6062,0.7670502373903796
6067,6068,0.7238247874719752
6067,6065,0.7083901290172014
6068,6062,0.8658953901177346
6068,6065,0.7996761062323027
6068,6067,0.7238247874719752
6070,6071,0.738043829893908
6070,6044,0.7341683148041831
6071,6044,0.7453377577865234
6071,6070,0.738043829893908
6071,6074,0.7065076885454973
6074,6071,0.7065076885454973
6074,6044,0.7027977717396643
6078,6039,0.947301532827493
6078,6079,0.8689393817941071
6079,6039,0.8798360224489015
6079,6078,0.8689393817941071
6082,6084,0.8359591266084712
6083,6084,0.7184533186441013
6084,6082,0.8359591266084712
6084,6083,0.7184533186441013
6101,6103,0.7515201088547683
6103,6101,0.7515201088547683
6137,6138,0.814492410408315
6138,6137,0.814492410408315
6174,6182,0.7472391136219543
6175,6202,0.8779634090229553
6175,6201,0.8745801107801794
6175,6199,0.8463670523297397
6182,6174,0.7472391136219543
6182,6184,0.7436506381894641
6182,6189,0.7076473571609464
6184,6182,0.7436506381894641
6189,6182,0.7076473571609464
6199,6202,0.8560172086280096
6199,6175,0.8463670523297397
6199,6201,0.8181013824743821
6200,6202,0.8120554773499586
6200,6175,0.8029009157356506
6200,6199,0.7828310310309687
6201,6175,0.8745801107801794
6201,6202,0.8486425324644726
6201,6199,0.8181013824743821
6202,6175,0.8779634090229553
6202,6199,0.8560172086280096
6202,6201,0.8486425324644726
6203,6202,0.846616237702694
6203,6175,0.8370720615621481
6203,6199,0.8161480104920734
6210,6212,0.7988918735462351
6210,6217,0.7820888163996391
6210,6218,0.7820888163996391
6212,6210,0.7988918735462351
6212,6217,0.7807147230849276
6212,6218,0.7807147230849276
6215,6210,0.7465535362426418
6215,6212,0.7452418767460289
6215,6216,0.734469528999509
6216,6215,0.734469528999509
6217,6210,0.7820888163996391
6217,6212,0.7807147230849276
6217,6218,0.7642939851333033
6218,6210,0.7820888163996391
6218,6212,0.7807147230849276
6218,6217,0.7642939851333033
6221,6222,0.8421647402911927
6221,6223,0.8297565262036961
6222,6223,0.8632492298484425
6222,6221,0.8421647402911927
6223,6222,0.8632492298484425
6223,6221,0.8297565262036961
6227,6231,0.8112339391301369
6227,6228,0.7900465011403115
6227,6232,0.7555165080225682
6228,6231,0.8258206137226163
6228,6227,0.7900465011403115
6228,6232,0.7691013359250948
6231,6232,0.9111291222874098
6231,6228,0.8258206137226163
6231,6227,0.8112339391301369
6232,6231,0.9111291222874098
6232,6228,0.7691013359250948
6232,6227,0.7555165080225682
6233,6234,0.834007863354147
6234,6233,0.834007863354147
6243,6244,0.921784069706445
6243,6250,0.8816322545729998
6243,6245,0.7645053131244067
6244,6243,0.921784069706445
6244,6250,0.8014472001814603
6244,6245,0.7509565774217879
6245,6250,0.8712757615988322
6245,6248,0.8150669073446628
6245,6243,0.7645053131244067
6246,6250,0.7128373800705172
6248,6250,0.8698679930265019
6248,6245,0.8150669073446628
6248,6243,0.7632700594875774
6250,6243,0.8816322545729998
6250,6245,0.8712757615988322
6250,6248,0.8698679930265019
6257,6259,0.9215218378530632
6257,6260,0.8328035950934581
6259,6257,0.9215218378530632
6259,6260,0.8535220911263555
6260,6259,0.8535220911263555
6260,6257,0.8328035950934581
6274,6277,0.8681265719887948
6274,6275,0.8565844510288804
6274,6276,0.8141854489816864
6275,6274,0.8565844510288804
6275,6277,0.837102215774102
6275,6276,0.825106742110443
6276,6275,0.825106742110443
6276,6274,0.8141854489816864
6276,6277,0.7956675405150713
6277,6274,0.8681265719887948
6277,6275,0.837102215774102
6277,6276,0.7956675405150713
6282,6283,0.8786870762516298
6282,6284,0.8535727300729883
6282,6286,0.7461366257689519
6283,6282,0.8786870762516298
6283,6284,0.8776024354435643
6283,6286,0.7671417992611869
6284,6283,0.8776024354435643
6284,6282,0.8535727300729883
6284,6286,0.7452156036501862
6285,6283,0.7600143538415585
6285,6282,0.7392043375259236
6285,6284,0.7382918725407781
6286,6283,0.7671417992611869
6286,6282,0.7461366257689519
6286,6284,0.7452156036501862
6295,6297,0.9064760420198705
6295,6301,0.8864439445568071
6295,6303,0.8465876327109998
6297,6295,0.9064760420198705
6297,6301,0.905608169175089
6297,6303,0.8648901950466756
6298,6297,0.8072262262973752
6298,6295,0.7901439326022746
6298,6301,0.7893874377466066
6300,6297,0.8467689142250359
6300,6295,0.8288498293223796
6300,6301,0.8280562768996726
6301,6297,0.905608169175089
6301,6295,0.8864439445568071
6301,6303,0.8457770978671658
6303,6297,0.8648901950466756
6303,6295,0.8465876327109998
6303,6301,0.8457770978671658
6330,6332,0.8336309195566735
6332,6330,0.8336309195566735
6384,6388,0.7821464550643178
6388,6384,0.7821464550643178
6400,6401,0.7192322736955612
6401,6400,0.7192322736955612
6448,6453,0.7126240332090162
6453,6448,0.7126240332090162
6488,6489,0.8978019741732476
6488,6491,0.8880482260234999
6488,6490,0.8876091573850122
6489,6491,0.9521819926000807
6489,6490,0.9517112149566689
6489,6488,0.8978019741732476
6490,6489,0.9517112149566689
6490,6491,0.9413717951636508
6490,6488,0.8876091573850122
6491,6489,0.9521819926000807
6491,6490,0.9413717951636508
6491,6488,0.8880482260234999
6492,6489,0.7965914629654306
6492,6491,0.787937268909822
6492,6490,0.787547697112102
6548,6549,0.8198393392710959
6549,6548,0.8198393392710959
6550,6552,0.8253613191287084
6550,6551,0.782451572307667
6550,6554,0.7751480065321281
6551,6552,0.8168640654925221
6551,6554,0.8077622454006026
6551,6550,0.782451572307667
6552,6550,0.8253613191287084
6552,6551,0.8168640654925221
6552,6554,0.8092392863456117
6554,6552,0.8092392863456117
6554,6551,0.8077622454006026
6554,6550,0.7751480065321281
6555,6552,0.7253574064309879
6563,6564,0.8830029579851602
6564,6563,0.8830029579851602
6571,6572,0.7699523317074386
6572,6571,0.7699523317074386
6584,6588,0.7824472588683559
6588,6584,0.7824472588683559
6594,6595,0.7526179378819432
6595,6594,0.7526179378819432
6620,6621,0.957355577494719
6621,6620,0.957355577494719
6625,6626,0.9638202709333505
6626,6625,0.9638202709333505
6627,6628,0.9658259142230362
6628,6627,0.9658259142230362
6630,6631,0.7724741347386057
6631,6630,0.7724741347386057
6683,6684,0.7220883857493685
6683,6685,0.712090642682342
6684,6683,0.7220883857493685
6685,6683,0.712090642682342
6709,6714,0.949529074626354
6709,6711,0.940592364953178
6709,6722,0.9294909260189761
6711,6709,0.940592364953178
6711,6722,0.9078822349827917
6711,6714,0.8931197978946048
6714,6709,0.949529074626354
6714,6711,0.8931197978946048
6714,6722,0.8825786588563912
6717,6709,0.772850073484514
6717,6711,0.7548829497743916
6717,6722,0.7459733654723675
6722,6709,0.9294909260189761
6722,6711,0.9078822349827917
6722,6714,0.8825786588563912
6724,6709,0.8356048294678252
6724,6711,0.8161787908881383
6724,6722,0.8065457560645073
6737,6909,0.8316001514410905
6737,6910,0.8112396858917554
6770,6776,0.7251811728117528
6770,6772,0.7124554449065463
6772,6776,0.8071169649553336
6772,6777,0.7460932371252444
6772,6774,0.7389504526073909
6773,6776,0.7357469223512123
6773,6772,0.7228357830497995
6774,6776,0.7521494287153554
6774,6772,0.7389504526073909
6776,6772,0.8071169649553336
6776,6777,0.7594197961338797
6776,6774,0.7521494287153554
6777,6776,0.7594197961338797
6777,6772,0.7460932371252444
6780,6782,0.8098748819037719
6782,6780,0.8098748819037719
6788,6949,0.8538246797689277
6792,6952,0.828489656271345
6793,6823,0.7306573853702466
6797,6798,0.8978322571946656
6797,6807,0.8079373722126484
6797,6808,0.8071104412953564
6798,6807,0.8998756346058456
6798,6808,0.8989546040785221
6798,6797,0.8978322571946656
6800,6798,0.7405469282918501
6800,6826,0.7302566709931928
6800,6807,0.7237796208677909
6801,6798,0.7475478280603112
6801,6807,0.730622007739664
6801,6808,0.7298742097693842
6803,6798,0.7379409392171719
6806,6798,0.7575452920678141
6806,6807,0.7403931112748314
6806,6808,0.7396353124952225
6807,6798,0.8998756346058456
6807,6808,0.8786006634557104
6807,6797,0.8079373722126484
6808,6798,0.8989546040785221
6808,6807,0.8786006634557104
6808,6797,0.8071104412953564
6810,6814,0.904724223658558
6810,6811,0.8622244740542768
6810,6812,0.811918350900958
6811,6810,0.8622244740542768
6811,6814,0.842993413111975
6811,6812,0.7565198365381144
6812,6810,0.811918350900958
6812,6814,0.793809318095463
6812,6811,0.7565198365381144
6813,6810,0.7515338739033207
6813,6814,0.7347716569120999
6813,6811,0.7002554909706071
6814,6810,0.904724223658558
6814,6811,0.842993413111975
6814,6812,0.793809318095463
6816,6810,0.7716906805206486
6816,6814,0.7544788859679868
6816,6811,0.7190369657708133
6823,6833,0.7531200776900441
6823,6793,0.7306573853702466
6823,6840,0.7216261867160113
6824,6833,0.8939034344121493
6824,6832,0.8929352055849964
6824,6828,0.8523161456865989
6825,6824,0.7920685060584055
6825,6833,0.7730751305675821
6825,6832,0.7722377765557781
6826,6800,0.7302566709931928
6826,6824,0.7287997668226618
6826,6833,0.7113235415681426
6828,6824,0.8523161456865989
6828,6833,0.8318780642983167
6828,6832,0.8309770180649957
6829,6824,0.7854096235218295
6829,6833,0.7665759244420733
6829,6832,0.7657456100259146
6832,6824,0.8929352055849964
6832,6833,0.8715231010524616
6832,6828,0.8309770180649957
6833,6824,0.8939034344121493
6833,6832,0.8715231010524616
6833,6828,0.8318780642983167
6836,6839,0.8207763122963666
6836,6850,0.8070319527971224
6836,6848,0.8064189867200476
6838,6842,0.860477298117905
6838,6839,0.7861856062119121
6838,6844,0.7178162584489325
6839,6850,0.926123161876711
6839,6848,0.9254197422915805
6839,6841,0.8907277199746344
6840,6823,0.7216261867160113
6841,6839,0.8907277199746344
6841,6850,0.8758119849371291
6841,6848,0.8751467782686677
6842,6839,0.889446881820759
6842,6850,0.8745525951362133
6842,6848,0.873888345013801
6844,6838,0.7178162584489325
6848,6839,0.9254197422915805
6848,6850,0.9099230698910731
6848,6841,0.8751467782686677
6849,6850,0.7732021069176027
6849,6838,0.7159609254318792
6849,6851,0.7117755759548816
6850,6839,0.926123161876711
6850,6848,0.9099230698910731
6850,6841,0.8758119849371291
6851,6912,0.7202998558883194
6851,6829,0.7169110224123733
6851,6849,0.7117755759548816
6852,6841,0.7656088005963967
6852,6853,0.763198826033877
6852,6838,0.7138278973203426
6853,6852,0.763198826033877
6853,6848,0.7071395532126027
6865,6866,0.7190902232783747
6866,6876,0.8071065249921401
6866,6865,0.7190902232783747
6867,6881,0.8683362326757432
6876,6866,0.8071065249921401
6881,6867,0.8683362326757432
6908,6909,0.7537395494925299
6908,6910,0.7352853824219495
6909,6910,0.8953237048789917
6909,6737,0.8316001514410905
6909,6912,0.7538259275130633
6910,6909,0.8953237048789917
6910,6737,0.8112396858917554
6910,6912,0.7353696456079579
6912,6909,0.7538259275130633
6912,6910,0.7353696456079579
6912,6851,0.7202998558883194
6918,9417,0.7518802321119905
6930,6931,0.9160847583687529
6931,6930,0.9160847583687529
6947,6950,0.9218578374553399
6947,6948,0.889513077206693
6947,6952,0.7865583382398698
6948,6947,0.889513077206693
6948,6950,0.873763689502547
6948,6952,0.7455228861822807
6949,6788,0.8538246797689277
6949,6947,0.7787159410793782
6949,6950,0.7178653934354355
6950,6947,0.9218578374553399
6950,6948,0.873763689502547
6950,6952,0.7726318288514191
6951,6947,0.7498039903608109
6951,6950,0.7365282397856856
6951,6948,0.7106860455076769
6952,6792,0.828489656271345
6952,6947,0.7865583382398698
6952,6950,0.7726318288514191
6953,6961,0.7203320393753406
6961,6953,0.7203320393753406
6989,6991,0.8958047716447561
6991,6989,0.8958047716447561
7013,7026,0.7289955999763443
7022,7026,0.7510271636312956
7022,7024,0.7139630616149206
7024,7026,0.7303752133154857
7024,7022,0.7139630616149206
7026,7022,0.7510271636312956
7026,7024,0.7303752133154857
7026,7013,0.7289955999763443
7054,7055,0.7233157179416274
7055,7054,0.7233157179416274
7058,7065,0.75370506725006
7058,7063,0.7228111610170291
7059,7063,0.7084402803051151
7063,7065,0.7683868558273605
7063,7058,0.7228111610170291
7063,7059,0.7084402803051151
7065,7063,0.7683868558273605
7065,7058,0.75370506725006
7072,7074,0.8433988197243212
7072,7073,0.8065107957443409
7073,7074,0.9111075574348305
7073,7072,0.8065107957443409
7074,7073,0.9111075574348305
7074,7072,0.8433988197243212
7076,7080,0.8326850695218414
7076,7081,0.7993809782126509
7080,7081,0.8602258694712515
7080,7076,0.8326850695218414
7081,7080,0.8602258694712515
7081,7076,0.7993809782126509
7088,7090,0.7322709938506101
7090,7088,0.7322709938506101
7090,7107,0.701872163843547
7106,7108,0.8314301724540755
7106,7107,0.7966973620277598
7107,7106,0.7966973620277598
7107,7108,0.7284616883310175
7107,7090,0.701872163843547
7108,7106,0.8314301724540755
7108,7107,0.7284616883310175
7139,7144,0.7715412149406662
7139,7140,0.7632618124450762
7139,7142,0.704850504250681
7140,7144,0.8066030400734412
7140,7139,0.7632618124450762
7140,7142,0.704046464157686
7142,7144,0.745812568793219
7142,7139,0.704850504250681
7142,7140,0.704046464157686
7144,7140,0.8066030400734412
7144,7139,0.7715412149406662
7144,7142,0.745812568793219
7145,7149,0.9601526907577345
7145,7146,0.949894930500758
7145,7150,0.9079228010770233
7146,7150,0.9592103270065644
7146,7145,0.949894930500758
7146,7149,0.9070316995419948
7147,7149,0.7347390660640896
7147,7145,0.7054616912862604
7149,7145,0.9601526907577345
7149,7150,0.9456025169918628
7149,7146,0.9070316995419948
7150,7146,0.9592103270065644
7150,7149,0.9456025169918628
7150,7145,0.9079228010770233
7165,7220,0.8714729636074187
7166,9929,0.7852988828554148
7166,7196,0.7810988275479599
7166,7198,0.7481571513118134
7187,7188,0.8363777982039918
7188,7187,0.8363777982039918
7189,7190,0.7770524492878301
7190,7189,0.7770524492878301
7194,7195,0.9373240130491045
7195,7194,0.9373240130491045
7196,7198,0.855494514763144
7196,7166,0.7810988275479599
7198,7196,0.855494514763144
7198,7166,0.7481571513118134
7220,7165,0.8714729636074187
7221,7223,0.7170234951315799
7222,7223,0.8619286917814744
7223,7222,0.8619286917814744
7223,7221,0.7170234951315799
7224,7225,0.7246106378097484
7225,7224,0.7246106378097484
7264,7265,0.7393857410594135
7265,7264,0.7393857410594135
7265,7266,0.7348557438403573
7266,7265,0.7348557438403573
7279,7281,0.7705662988590107
7280,7281,0.7362421688468086
7281,7279,0.7705662988590107
7281,7280,0.7362421688468086
7294,7298,0.797426369055289
7294,7296,0.7491748594698892
7294,7297,0.7491748594698892
7295,7298,0.8322007972139263
7295,7296,0.7818451201232416
7295,7297,0.7818451201232416
7296,7298,0.8630960426266339
7296,7297,0.8108709236814737
7296,7295,0.7818451201232416
7297,7298,0.8630960426266339
7297,7296,0.8108709236814737
7297,7295,0.7818451201232416
7298,7296,0.8630960426266339
7298,7297,0.8630960426266339
7298,7295,0.8322007972139263
7299,7383,0.7188438601147217
7300,7391,0.751959928803219
7300,7393,0.7502986759177179
7300,7394,0.7113746893293071
7301,7398,0.8668815898830897
7302,7400,0.7521964900030915
7362,7378,0.9184164150498503
7363,7379,0.9272226478780496
7365,7391,0.8044681368937996
7366,7385,0.8687544685922212
7378,7362,0.9184164150498503
7379,7363,0.9272226478780496
7380,7392,0.7580223739088097
7380,7383,0.7116721909546254
7381,7383,0.8027829863315352
7382,7393,0.7597744717698637
7382,7383,0.7089975103089425
7383,7381,0.8027829863315352
7383,7394,0.7515350887206825
7383,7299,0.7188438601147217
7384,7391,0.7725418830711701
7384,7392,0.7721236931789388
7384,7394,0.7308457818201747
7385,7366,0.8687544685922212
7391,7365,0.8044681368937996
7391,7394,0.7824971186155755
7391,7384,0.7725418830711701
7392,7391,0.7725418830711701
7392,7384,0.7721236931789388
7392,7380,0.7580223739088097
7393,7391,0.7698280942602579
7393,7382,0.7597744717698637
7393,7300,0.7502986759177179
7394,7391,0.7824971186155755
7394,7383,0.7515350887206825
7394,7384,0.7308457818201747
7398,7301,0.8668815898830897
7400,7302,0.7521964900030915
7445,7446,0.802690251299868
7446,7445,0.802690251299868
7463,7469,0.8787669691073258
7463,7465,0.7834212169392938
7463,7467,0.7743777602814612
7464,7469,0.7008511360084231
7464,7463,0.7001347909561451
7465,7469,0.7842227767529946
7465,7463,0.7834212169392938
7465,7479,0.7814055730682388
7467,7469,0.7751700672548288
7467,7463,0.7743777602814612
7469,7463,0.8787669691073258
7469,7465,0.7842227767529946
7469,7467,0.7751700672548288
7470,7471,0.9131428365652863
7470,7474,0.8739988395983866
7470,7475,0.8250596917810712
7471,7470,0.9131428365652863
7471,7474,0.8568116890324071
7471,7475,0.8088349275066952
7472,7470,0.8072921328037019
7472,7471,0.7914167668322736
7472,7474,0.7574908416868036
7473,7470,0.7901243806579643
7473,7471,0.7745866178132677
7473,7474,0.7413821562502428
7474,7470,0.8739988395983866
7474,7471,0.8568116890324071
7474,7475,0.7741623322880382
7475,7470,0.8250596917810712
7475,7471,0.8088349275066952
7475,7474,0.7741623322880382
7476,7477,0.920548212521505
7476,7479,0.8382312393944803
7477,7476,0.920548212521505
7477,7479,0.8231428602204592
7477,7469,0.7319165388552732
7479,7476,0.8382312393944803
7479,7477,0.8231428602204592
7479,7465,0.7814055730682388
7482,7483,0.8509628083347349
7483,7482,0.8509628083347349
7486,7490,0.8537086582313789
7486,7491,0.7993193045705458
7490,7486,0.8537086582313789
7490,7491,0.7422271063475729
7491,7486,0.7993193045705458
7491,7490,0.7422271063475729
7492,7496,0.7873457237292405
7492,7494,0.7006398453023257
7493,7496,0.7695511757067883
7494,7496,0.7796578439849456
7494,7492,0.7006398453023257
7495,7496,0.77874494578227
7496,7492,0.7873457237292405
7496,7494,0.7796578439849456
7496,7495,0.77874494578227
7509,7510,0.8319345432359883
7510,7509,0.8319345432359883
7516,7517,0.9186716693538685
7517,7516,0.9186716693538685
7517,7496,0.7250495791354085
7526,7529,0.7340570789475178
7529,7526,0.7340570789475178
7538,7542,0.778470768768416
7538,7539,0.7647870152516214
7538,7540,0.7404084728058987
7539,7542,0.8263820187713693
7539,7540,0.785977165771763
7539,7538,0.7647870152516214
7540,7542,0.8000400585664467
7540,7539,0.785977165771763
7540,7538,0.7404084728058987
7542,7539,0.8263820187713693
7542,7540,0.8000400585664467
7542,7538,0.778470768768416
7545,7546,0.8354749363882993
7546,7545,0.8354749363882993
7550,7555,0.8016959982664261
7550,7557,0.7943491441363708
7550,7554,0.79347585527744
7554,7550,0.79347585527744
7554,3171,0.7301992560704131
7554,7555,0.7183320716940064
7555,7550,0.8016959982664261
7555,7557,0.7191226583149487
7555,7554,0.7183320716940064
7556,7550,0.7846705624037141
7556,7555,0.7103606580337326
7556,7557,0.7038508137216876
7557,7550,0.7943491441363708
7557,7555,0.7191226583149487
7557,7554,0.7117491762335224
7568,7569,0.813895720244768
7568,7570,0.7806795038477609
7569,7568,0.813895720244768
7569,7570,0.8089246447539382
7570,7569,0.8089246447539382
7570,7568,0.7806795038477609
7583,7584,0.8753899935398805
7584,7583,0.8753899935398805
7588,7589,0.8740436427951189
7589,7588,0.8740436427951189
7592,7594,0.9490779825118747
7592,7595,0.8445435158582045
7592,7597,0.7876673812451322
7594,7592,0.9490779825118747
7594,7597,0.8484135793940221
7594,7595,0.790216463459535
7595,7597,0.9349582553534954
7595,7592,0.8445435158582045
7595,7594,0.790216463459535
7597,7595,0.9349582553534954
7597,7594,0.8484135793940221
7597,7592,0.7876673812451322
7601,7602,0.9211817880799289
7602,7601,0.9211817880799289
7603,7604,0.8978755588641618
7604,7603,0.8978755588641618
7609,7610,0.963811072571528
7610,7609,0.963811072571528
7613,7616,0.8701498461557675
7613,7615,0.7905883696773164
7615,7616,0.91093066318618
7615,7613,0.7905883696773164
7616,7615,0.91093066318618
7616,7613,0.8701498461557675
7644,7648,0.9127603256440996
7644,7647,0.8331455217332501
7647,7648,0.8484205138479433
7647,7644,0.8331455217332501
7648,7644,0.9127603256440996
7648,7647,0.8484205138479433
7658,7659,0.7566065694058604
7659,7658,0.7566065694058604
7692,7693,0.8787116738390697
7692,7694,0.855808810646104
7693,7692,0.8787116738390697
7693,7694,0.8787116738390697
7694,7693,0.8787116738390697
7694,7692,0.855808810646104
7703,7707,0.841799887888289
7703,7705,0.8267013329091164
7703,7706,0.8264982137767442
7704,7711,0.8417458946191803
7704,7705,0.7941997383785223
7704,7707,0.7810651261400219
7705,7707,0.8687798456916972
7705,7711,0.8600853783479044
7705,7706,0.8529877479916121
7706,7707,0.8685663879392358
7706,7705,0.8529877479916121
7706,7711,0.8304856412386986
7707,7705,0.8687798456916972
7707,7706,0.8685663879392358
7707,7711,0.8458611380331593
7710,7707,0.7556637505153074
7710,7705,0.7421101365898597
7710,7706,0.741927801372692
7711,7705,0.8600853783479044
7711,7707,0.8458611380331593
7711,7704,0.8417458946191803
7715,7716,0.9599749383190564
7716,7715,0.9599749383190564
7723,7724,0.7611293347741341
7724,7723,0.7611293347741341
7727,7730,0.8141094891154171
7727,7729,0.7697042866344032
7729,7730,0.8332685033549525
7729,7727,0.7697042866344032
7730,7729,0.8332685033549525
7730,7727,0.8141094891154171
7733,7744,0.758013238229417
7733,7743,0.7337854586040667
7733,7736,0.7017167203025124
7736,7744,0.8537347806869597
7736,7743,0.8264475288530804
7736,7742,0.7769777319463644
7742,7744,0.839312203321747
7742,7743,0.8124859289595148
7742,7736,0.7769777319463644
7743,7744,0.8927508059128973
7743,7736,0.8264475288530804
7743,7742,0.8124859289595148
7744,7743,0.8927508059128973
7744,7736,0.8537347806869597
7744,7742,0.839312203321747
7856,7857,0.7188581552335019
7857,7856,0.7188581552335019
7887,7889,0.7388152282080221
7887,7888,0.7305772750284448
7888,7889,0.8519589997459067
7888,7887,0.7305772750284448
7889,7888,0.8519589997459067
7889,7887,0.7388152282080221
7962,7967,0.801827976659725
7966,7967,0.8731612878201116
7967,7966,0.8731612878201116
7967,7962,0.801827976659725
8019,8500,0.8706191816871266
8050,8090,0.9216928791581942
8057,8075,0.8599477688889674
8075,8057,0.8599477688889674
8079,8127,0.8429348374897778
8090,8050,0.9216928791581942
8127,8079,0.8429348374897778
8187,8189,0.827635690555335
8187,8188,0.8059159318171654
8188,8187,0.8059159318171654
8188,8189,0.7809767721846677
8189,8187,0.827635690555335
8189,8188,0.7809767721846677
8463,8466,0.7708660547483915
8466,8463,0.7708660547483915
8469,8471,0.7355250588246409
8471,8469,0.7355250588246409
8494,8496,0.9295099460960052
8496,8494,0.9295099460960052
8500,8019,0.8706191816871266
8611,8636,0.766603221133487
8636,8611,0.766603221133487
8652,8705,0.8297495986525381
8672,8704,0.7484432523241914
8693,8699,0.94294507371109
8693,8697,0.9423899246941206
8693,8698,0.8502707373190309
8697,8693,0.9423899246941206
8697,8699,0.9301841171667979
8697,8698,0.8387639505163715
8698,8693,0.8502707373190309
8698,8699,0.8392580548890914
8698,8697,0.8387639505163715
8699,8693,0.94294507371109
8699,8697,0.9301841171667979
8699,8698,0.8392580548890914
8704,8672,0.7484432523241914
8705,8652,0.8297495986525381
8708,8712,0.8731818333498379
8708,8710,0.7738261882611652
8709,8712,0.741032542921864
8710,8712,0.8489073541656171
8710,8708,0.7738261882611652
8712,8708,0.8731818333498379
8712,8710,0.8489073541656171
8712,8709,0.741032542921864
8715,8716,0.797026203905717
8716,8715,0.797026203905717
8722,8723,0.9365200643091715
8723,8722,0.9365200643091715
8727,8728,0.7790343407087122
8728,8727,0.7790343407087122
8734,8810,0.8934719238126606
8734,8819,0.750293069969145
8738,8802,0.9656266964703285
8738,8742,0.9604365592581867
8738,8766,0.9559987104816788
8739,8749,0.8618754422882176
8739,8799,0.8119597134286596
8739,8743,0.7816181197308492
8742,8802,0.9636396292664683
8742,8738,0.9604365592581867
8742,8766,0.9540314557532474
8743,8739,0.7816181197308492
8743,8749,0.7752989383856029
8743,8799,0.7303973091074625
8749,8739,0.8618754422882176
8749,8799,0.805395228106906
8749,8743,0.7752989383856029
8754,8758,0.9426055909059572
8758,8754,0.9426055909059572
8766,8802,0.9591869801992174
8766,8738,0.9559987104816788
8766,8742,0.9540314557532474
8776,8850,0.9048975405865413
8788,9003,0.8341233322037684
8788,9007,0.7988020193026597
8788,9002,0.7367288825158131
8799,8739,0.8119597134286596
8799,8749,0.805395228106906
8799,8743,0.7303973091074625
8802,8738,0.9656266964703285
8802,8742,0.9636396292664683
8802,8766,0.9591869801992174
8810,8734,0.8934719238126606
8810,8819,0.7316015013035515
8811,8876,0.8486807968814803
8817,8997,0.9490865407569445
8819,8734,0.750293069969145
8819,8810,0.7316015013035515
8835,8836,0.9166260976992651
8835,8837,0.9158420175267625
8836,8835,0.9166260976992651
8836,8837,0.8985488938280957
8837,8835,0.9158420175267625
8837,8836,0.8985488938280957
8850,8776,0.9048975405865413
8857,8858,0.9501172698785341
8858,8857,0.9501172698785341
8867,8868,0.816270804020113
8868,8867,0.816270804020113
8876,8811,0.8486807968814803
8904,8905,0.8733409642684188
8905,8904,0.8733409642684188
8933,8934,0.8495982356389419
8933,8935,0.7991976264800915
8934,8933,0.8495982356389419
8934,8935,0.7056363502270159
8935,8933,0.7991976264800915
8935,8934,0.7056363502270159
8954,8955,0.9488879807032662
8954,8956,0.8422151266898534
8955,8954,0.9488879807032662
8955,8956,0.8324378383111453
8956,8954,0.8422151266898534
8956,8955,0.8324378383111453
8972,8973,0.9730519757997459
8973,8972,0.9730519757997459
8979,8980,0.8681461310020162
8980,8979,0.8681461310020162
8985,8766,0.9445327591113617
8985,8802,0.9301391860833559
8985,8738,0.9270474691800784
8986,8987,0.8324523516861986
8986,8988,0.7392306983932643
8987,8986,0.8324523516861986
8987,8988,0.7519904150250947
8988,8987,0.7519904150250947
8988,8986,0.7392306983932643
8989,8990,0.8647827686301844
8990,8989,0.8647827686301844
8997,8817,0.9490865407569445
9002,9003,0.9130052493578065
9002,9004,0.9098869931767297
9002,8788,0.7367288825158131
9003,9002,0.9130052493578065
9003,9004,0.8957706292334857
9003,8788,0.8341233322037684
9004,9002,0.9098869931767297
9004,9003,0.8957706292334857
9004,8788,0.7228217966215027
9007,8788,0.7988020193026597
9010,9011,0.7155866328266045
9011,9010,0.7155866328266045
9015,9021,0.8081304726767875
9015,9016,0.7725490760997572
9016,9021,0.8321593420638318
9016,9015,0.7725490760997572
9021,9016,0.8321593420638318
9021,9015,0.8081304726767875
9021,8739,0.7338966077512479
9051,9052,0.8680076189565621
9052,9051,0.8680076189565621
9058,9077,0.9271643988902256
9077,9058,0.9271643988902256
9084,9110,0.8488740717775225
9084,9118,0.8114180995306024
9084,9121,0.7940346388496129
9087,9089,0.7412969398773903
9087,9243,0.7405986599147953
9087,9250,0.7066218766721284
9088,9089,0.7333306961667163
9088,9243,0.7326399201719123
9089,9243,0.888276490005896
9089,9250,0.8475246234497782
9089,9249,0.8240203136868538
9090,9089,0.7484562775950151
9090,9243,0.7477512537463945
9090,9250,0.7134463276871214
9097,9098,0.9154201494064236
9098,9097,0.9154201494064236
9101,9105,0.9422798638088321
9101,9103,0.9417187198189882
9101,9104,0.8067458201682778
9102,9101,0.7953222610457659
9102,9105,0.7849017863708401
9102,9103,0.7844343637536791
9103,9101,0.9417187198189882
9103,9105,0.9293801288459733
9103,9104,0.7957015352776943
9104,9101,0.8067458201682778
9104,9105,0.7961756716889533
9104,9103,0.7957015352776943
9105,9101,0.9422798638088321
9105,9103,0.9293801288459733
9105,9104,0.7961756716889533
9106,9101,0.7935228277285766
9106,9105,0.7831259295964303
9106,9103,0.7826595645327565
9108,9123,0.8614743757312964
9108,9113,0.8215110233119594
9108,9112,0.8209738118797911
9109,9113,0.8924446763594022
9109,9112,0.8918610792205771
9109,9126,0.8340774881291686
9110,9113,0.8551513051081209
9110,9112,0.8545920952566379
9110,9084,0.8488740717775225
9112,9113,0.9224508654232588
9112,9109,0.8918610792205771
9112,9110,0.8545920952566379
9113,9112,0.9224508654232588
9113,9109,0.8924446763594022
9113,9110,0.8551513051081209
9114,9115,0.7674107802827228
9115,9114,0.7674107802827228
9117,9118,0.751500855774663
9117,9121,0.7354010354900943
9117,9126,0.7000794409675495
9118,9121,0.9053089484354713
9118,9127,0.8907996661934795
9118,9125,0.8807325869713156
9120,9118,0.7927451114308852
9120,9121,0.7757616925466164
9120,9126,0.7385015601455331
9121,9118,0.9053089484354713
9121,9126,0.8433632212837637
9121,9113,0.8212502552904494
9123,9108,0.8614743757312964
9123,9118,0.7680969275032983
9123,9121,0.7516415603551332
9125,9118,0.8807325869713156
9125,9132,0.8104135006754447
9125,9121,0.7973350921638538
9126,9118,0.8618266115185009
9126,9121,0.8433632212837637
9126,9109,0.8340774881291686
9127,9118,0.8907996661934795
9127,9121,0.8064489090682876
9127,9125,0.7845562944797674
9128,9118,0.7464976952758028
9128,9121,0.7305050604778076
9129,9118,0.7375175527315349
9129,9121,0.721717304515646
9132,9125,0.8104135006754447
9132,9118,0.701031318550504
9133,9135,0.9418351612811866
9133,9134,0.9412700156328866
9134,9133,0.9412700156328866
9134,9135,0.9288427788002663
9135,9133,0.9418351612811866
9135,9134,0.9288427788002663
9137,9140,0.7399114322147047
9137,9148,0.7253479828998378
9137,9144,0.7247015143622313
9138,9140,0.7675995708738326
9138,9148,0.7524911444354491
9138,9144,0.7518204844747498
9139,9140,0.7835570460731066
9139,9148,0.7681345335547686
9139,9144,0.7674499313771946
9140,9148,0.9130638913524083
9140,9144,0.9122501204555429
9140,9143,0.898599626628301
9141,9140,0.8725057838995267
9141,9148,0.8553325207121808
9141,9144,0.8545702030703486
9142,9140,0.8249207426564701
9142,9148,0.8086840812110581
9142,9144,0.807963339129063
9143,9140,0.898599626628301
9143,9148,0.8204788718570575
9143,9144,0.8197476176329734
9144,9140,0.9122501204555429
9144,9148,0.8942945817068451
9144,9141,0.8545702030703486
9145,9140,0.7344945598626317
9145,9148,0.7200377291814414
9145,9144,0.7193959934231858
9146,9140,0.8650221514422474
9146,9148,0.8479961862925282
9146,9144,0.8472404071804711
9147,9140,0.8071436445344587
9147,9148,0.7912568842477441
9147,9144,0.790551674206647
9148,9140,0.9130638913524083
9148,9144,0.8942945817068451
9148,9141,0.8553325207121808
9150,9151,0.9280310433849532
9151,9150,0.9280310433849532
9155,9157,0.9596630430133642
9157,9155,0.9596630430133642
9158,9161,0.9088055537368156
9158,9160,0.9079566921623925
9158,9159,0.8174706242124429
9159,9158,0.8174706242124429
9159,9161,0.8005989086785852
9159,9160,0.7998511165383326
9160,9158,0.9079566921623925
9160,9161,0.8892174413887214
9160,9159,0.7998511165383326
9161,9158,0.9088055537368156
9161,9160,0.8892174413887214
9161,9159,0.8005989086785852
9163,9164,0.9011346641026261
9163,9167,0.8873774092632165
9163,9165,0.8867624256086198
9164,9167,0.9326874131554543
9164,9165,0.9320410280796668
9164,9163,0.9011346641026261
9165,9164,0.9320410280796668
9165,9167,0.9178119384054326
9165,9163,0.8867624256086198
9166,9164,0.845312634028714
9166,9167,0.8324075913213778
9166,9165,0.8318307036777652
9167,9164,0.9326874131554543
9167,9165,0.9178119384054326
9167,9163,0.8873774092632165
9168,9170,0.9470346512894858
9168,9169,0.9465165974863259
9169,9168,0.9465165974863259
9169,9170,0.9351319171868082
9170,9168,0.9470346512894858
9170,9169,0.9351319171868082
9172,9174,0.9362691772535483
9174,9172,0.9362691772535483
9197,9199,0.812068650383243
9199,9197,0.812068650383243
9203,9208,0.922789981531847
9203,9205,0.9220580030270666
9203,9211,0.8873577040045171
9204,9203,0.7441175172400296
9204,9208,0.7310985279022856
9204,9205,0.7305186035229457
9205,9203,0.9220580030270666
9205,9208,0.9059257886495375
9205,9211,0.8181952725250876
9206,9214,0.912334655740225
9206,9208,0.8790796645710973
9206,9203,0.811205907434585
9207,9203,0.7811038803241117
9207,9215,0.7742274034945545
9207,9208,0.7674377820882738
9208,9203,0.922789981531847
9208,9205,0.9059257886495375
9208,9206,0.8790796645710973
9209,9203,0.7420715589232182
9209,9208,0.7290883654226841
9209,9205,0.7285100355510389
9210,9211,0.832275370050205
9210,9214,0.7390692026304613
9210,9203,0.7285037896973183
9211,9203,0.8873577040045171
9211,9214,0.8455134179224945
9211,9210,0.832275370050205
9214,9206,0.912334655740225
9214,9211,0.8455134179224945
9214,9208,0.8020148431447045
9215,9211,0.7978583015646203
9215,9207,0.7742274034945545
9215,9214,0.7451233081067286
9229,9230,0.8787826504540861
9229,9231,0.8439012888858111
9229,9232,0.8306852153090887
9230,9229,0.8787826504540861
9230,9231,0.824610194195357
9230,9232,0.8116962324060704
9231,9229,0.8439012888858111
9231,9230,0.824610194195357
9231,9232,0.7794777199541773
9232,9229,0.8306852153090887
9232,9230,0.8116962324060704
9232,9231,0.7794777199541773
9240,9249,0.8640641661116911
9240,9089,0.7573380390486416
9240,9243,0.7566246488413839
9242,9089,0.7991098745824592
9242,9243,0.7983571365320027
9242,9250,0.7617305412566276
9243,9089,0.888276490005896
9243,9250,0.8467262801267116
9243,9249,0.8232441107338051
9249,9240,0.8640641661116911
9249,9089,0.8240203136868538
9249,9243,0.8232441107338051
9250,9089,0.8475246234497782
9250,9243,0.8467262801267116
9250,9249,0.7854757643673362
9252,9089,0.7364569985594214
9252,9243,0.7357632776795107
9252,9250,0.7020083294778665
9265,9268,0.9113185161916395
9268,9265,0.9113185161916395
9279,9280,0.8545602553005593
9279,9281,0.8033615407841226
9279,9282,0.7136871889401435
9280,9279,0.8545602553005593
9280,9281,0.7899960213828854
9280,9282,0.7018135809990868
9281,9279,0.8033615407841226
9281,9280,0.7899960213828854
9282,9279,0.7136871889401435
9282,9280,0.7018135809990868
9335,9336,0.7689471309410372
9335,9337,0.7206130450085887
9336,9335,0.7689471309410372
9336,9337,0.7002112136956898
9337,9335,0.7206130450085887
9337,9336,0.7002112136956898
9340,9341,0.8731320455608086
9341,9340,0.8731320455608086
9345,9349,0.7672806537000783
9349,9345,0.7672806537000783
9396,9397,0.7363702712338086
9397,9396,0.7363702712338086
9410,9413,0.9735558287593206
9410,9412,0.8832950904011259
9410,9411,0.8223407339359989
9411,9410,0.8223407339359989
9411,9413,0.7921201669698255
9411,9412,0.7186807718914481
9412,9413,0.907287557948042
9412,9410,0.8832950904011259
9412,9411,0.7186807718914481
9413,9410,0.9735558287593206
9413,9412,0.907287557948042
9413,9411,0.7921201669698255
9414,9413,0.7309918366001531
9414,9410,0.7116613632975597
9417,6918,0.7518802321119905
9439,9446,0.9276565601451956
9439,9441,0.8918920486235966
9441,9439,0.8918920486235966
9441,9446,0.8659683371745639
9446,9439,0.9276565601451956
9446,9441,0.8659683371745639
9447,9448,0.7298700542692125
9448,9447,0.7298700542692125
9449,9450,0.7675077353545696
9449,9451,0.7675077353545696
9450,9449,0.7675077353545696
9450,9451,0.7675077353545696
9451,9449,0.7675077353545696
9451,9450,0.7675077353545696
9452,9453,0.7572504053410914
9453,9452,0.7572504053410914
9476,9477,0.8123964323812352
9477,9476,0.8123964323812352
9496,9497,0.8044324136115515
9497,9496,0.8044324136115515
9501,9504,0.7802649863042428
9503,9504,0.7079471021307421
9504,9501,0.7802649863042428
9504,9503,0.7079471021307421
9514,9515,0.8056906738757958
9515,9514,0.8056906738757958
9515,9516,0.7246891134420944
9516,9515,0.7246891134420944
9520,9522,0.8424106165711628
9522,9520,0.8424106165711628
9522,9523,0.7497930635925436
9523,9522,0.7497930635925436
9525,9526,0.9019469134045001
9526,9525,0.9019469134045001
9530,9540,0.7431658257851393
9530,9534,0.7343060883826678
9532,9534,0.8315660880170752
9532,9540,0.7461812074478582
9534,9532,0.8315660880170752
9534,9540,0.799282346158924
9534,9530,0.7343060883826678
9538,9539,0.951720169227644
9539,9538,0.951720169227644
9540,9534,0.799282346158924
9540,9532,0.7461812074478582
9540,9530,0.7431658257851393
9556,9558,0.9098570027613861
9558,9556,0.9098570027613861
9559,9561,0.840399550313736
9561,9559,0.840399550313736
9564,9565,0.8423745510047098
9565,9564,0.8423745510047098
9569,9571,0.8281652293442059
9569,9576,0.7308364013637563
9571,9569,0.8281652293442059
9571,9576,0.7419400067828389
9575,9576,0.8952614532462597
9576,9575,0.8952614532462597
9576,9571,0.7419400067828389
9576,9569,0.7308364013637563
9739,9746,0.7617050090731183
9739,9748,0.735698999530448
9739,9750,0.7190644396711792
9740,9741,0.7754736327468252
9741,9740,0.7754736327468252
9746,9739,0.7617050090731183
9746,9748,0.7394297844199766
9746,9750,0.7227108694581363
9747,9746,0.7223372973825756
9747,9739,0.7186927524494395
9748,9746,0.7394297844199766
9748,9739,0.735698999530448
9750,9746,0.7227108694581363
9750,9739,0.7190644396711792
9759,9763,0.9219629750628897
9759,9782,0.9031110976177482
9759,9789,0.8994076596035432
9763,9782,0.9323219469518892
9763,9789,0.9284987223797109
9763,9766,0.9249763184406431
9766,9763,0.9249763184406431
9766,9782,0.9060628255276422
9766,9789,0.9023472831982783
9768,9766,0.8582405554015115
9768,9763,0.8563076245321348
9768,9782,0.8387982376807607
9773,9763,0.8466309975531215
9773,9782,0.8293194739466117
9773,9789,0.8259186373564777
9776,9763,0.9241897857199184
9776,9782,0.905292375468433
9776,9789,0.901579992566569
9778,9763,0.9075748093704037
9778,9782,0.8890171345598925
9778,9789,0.8853714924455461
9780,9763,0.8629527794247968
9780,9782,0.8453075154839638
9780,9789,0.841841115840781
9782,9763,0.9323219469518892
9782,9789,0.9095132049612065
9782,9766,0.9060628255276422
9787,9763,0.8925829274527151
9787,9782,0.8743317997902227
9787,9789,0.8707463786466747
9788,9763,0.8264634910306741
9788,9782,0.8095643433781001
9788,9789,0.8062445177529695
9789,9763,0.9284987223797109
9789,9782,0.9095132049612065
9789,9766,0.9023472831982783
9792,9763,0.8949855623876104
9792,9782,0.8766853067443171
9792,9789,0.8730902344436264
9804,9806,0.7645853278923024
9805,9806,0.7591686248493448
9806,9804,0.7645853278923024
9806,9805,0.7591686248493448
9806,9807,0.7382451489767149
9807,9806,0.7382451489767149
9811,9812,0.9261332994019267
9812,9811,0.9261332994019267
9904,9965,0.8832019049327045
9909,9926,0.8597065389114308
9909,9922,0.8562496957210542
9909,9923,0.8334029762353019
9921,9922,0.8628238116531016
9921,9923,0.8398016795706302
9921,9926,0.8300743830596022
9922,9923,0.9091006744501944
9922,9926,0.8985706981071203
9922,9924,0.8694537054385928
9923,9922,0.9091006744501944
9923,9926,0.8745947565326454
9923,9924,0.8462546724774476
9924,9922,0.8694537054385928
9924,9923,0.8462546724774476
9924,9926,0.8364526319203962
9926,9922,0.8985706981071203
9926,9923,0.8745947565326454
9926,9909,0.8597065389114308
9927,9922,0.8075469046378952
9927,9923,0.7859996881027551
9927,9926,0.7768955719646924
9928,9929,0.756134043497148
9929,7166,0.7852988828554148
9929,9928,0.756134043497148
9931,9932,0.9058888584464672
9932,9931,0.9058888584464672
9950,9952,0.8590957785648958
9950,9956,0.8481005399277975
9950,9954,0.8283092830147363
9952,9950,0.8590957785648958
9952,9956,0.8470562639841777
9952,9954,0.8272893762732515
9954,9956,0.8612358601767078
9954,9950,0.8283092830147363
9954,9952,0.8272893762732515
9955,9950,0.8172934697453451
9955,9952,0.8162871269013643
9955,9956,0.8058397798411042
9956,9954,0.8612358601767078
9956,9950,0.8481005399277975
9956,9952,0.8470562639841777
9957,9950,0.7730759241144521
9957,9952,0.7721240268426816
9957,9956,0.7622419064267781
9959,9950,0.761217573530167
9959,9952,0.7602802775817812
9959,9956,0.7505497407875538
9965,9904,0.8832019049327045
9965,3143,0.7321786942985022
9976,9977,0.947771802795381
9977,9976,0.947771802795381
9992,9998,0.9303657417757286
9998,9992,0.9303657417757286
