product_id,year,year_total,is_top,prop_dias_candidatos,n_dias_candidatos,n_dias,tipo_outlier,decision_aplicada
1008,2022,1782.3599999999633,False,0.03287671232876712,12,365,pico_aislado,suavizado_a015
1008,2023,1625.039999999979,False,0.0410958904109589,15,365,pico_aislado,suavizado_a015
1008,2024,1519.9999999999734,False,0.040983606557377046,15,366,pico_aislado,suavizado_a015
1076,2022,1177.979999999976,False,0.03287671232876712,12,365,pico_aislado,suavizado_a015
1076,2023,1058.5699999999863,False,0.0410958904109589,15,365,pico_aislado,suavizado_a015
1076,2024,968.9999999999831,False,0.040983606557377046,15,366,pico_aislado,suavizado_a015
1090,2022,1420.0499999999709,False,0.03287671232876712,12,365,pico_aislado,suavizado_a015
1090,2023,1334.1599999999828,False,0.0410958904109589,15,365,pico_aislado,suavizado_a015
1090,2024,1209.9999999999789,False,0.040983606557377046,15,366,pico_aislado,suavizado_a015
1199,2022,762.3499999999842,False,0.03287671232876712,12,365,pico_aislado,suavizado_a015
1199,2023,869.3999999999887,False,0.0410958904109589,15,365,pico_aislado,suavizado_a015
1199,2024,962.9999999999832,False,0.040983606557377046,15,366,pico_aislado,suavizado_a015
1232,2022,1249.2099999999746,False,0.03287671232876712,12,365,pico_aislado,suavizado_a015
1232,2023,1235.819999999984,False,0.0410958904109589,15,365,pico_aislado,suavizado_a015
1232,2024,1193.999999999979,False,0.040983606557377046,15,366,pico_aislado,suavizado_a015
1321,2022,1392.2599999999713,False,0.03287671232876712,12,365,pico_aislado,suavizado_a015
1321,2023,1261.1899999999837,False,0.0410958904109589,15,365,pico_aislado,suavizado_a015
1321,2024,1151.9999999999798,False,0.040983606557377046,15,366,pico_aislado,suavizado_a015
1413,2022,1652.4099999999662,False,0.03287671232876712,12,365,pico_aislado,suavizado_a015
1413,2023,1638.159999999979,False,0.0410958904109589,15,365,pico_aislado,suavizado_a015
1413,2024,1622.9999999999716,False,0.040983606557377046,15,366,pico_aislado,suavizado_a015
1422,2022,63.15999999999869,False,0.03287671232876712,12,365,pico_aislado,suavizado_a015
1422,2023,73.24999999999905,False,0.0410958904109589,15,365,pico_aislado,suavizado_a015
1422,2024,82.99999999999855,False,0.040983606557377046,15,366,pico_aislado,suavizado_a015
1439,2022,46.21999999999903,False,0.03287671232876712,12,365,pico_aislado,suavizado_a015
1439,2023,53.82999999999929,False,0.0410958904109589,15,365,pico_aislado,suavizado_a015
1439,2024,57.999999999998984,False,0.040983606557377046,15,366,pico_aislado,suavizado_a015
1539,2022,1869.2199999999618,False,0.03287671232876712,12,365,pico_aislado,suavizado_a015
1539,2023,1858.1199999999758,True,0.0410958904109589,15,365,top_venta,sin_cambio
1539,2024,1805.9999999999684,False,0.040983606557377046,15,366,pico_aislado,suavizado_a015
1589,2022,1720.9399999999648,False,0.03287671232876712,12,365,pico_aislado,suavizado_a015
1589,2023,1595.6599999999794,False,0.0410958904109589,15,365,pico_aislado,suavizado_a015
1589,2024,1551.9999999999727,False,0.040983606557377046,15,366,pico_aislado,suavizado_a015
1620,2022,1254.5999999999742,False,0.03287671232876712,12,365,pico_aislado,suavizado_a015
1620,2023,1165.419999999985,False,0.0410958904109589,15,365,pico_aislado,suavizado_a015
1620,2024,1060.9999999999814,False,0.040983606557377046,15,366,pico_aislado,suavizado_a015
1628,2022,580.4599999999881,False,0.03287671232876712,12,365,pico_aislado,suavizado_a015
1628,2023,535.8799999999931,False,0.0410958904109589,15,365,pico_aislado,suavizado_a015
1628,2024,469.99999999999176,False,0.040983606557377046,15,366,pico_aislado,suavizado_a015
1661,2022,832.249999999983,False,0.03287671232876712,12,365,pico_aislado,suavizado_a015
1661,2023,917.6199999999881,False,0.0410958904109589,15,365,pico_aislado,suavizado_a015
1661,2024,1030.999999999982,False,0.040983606557377046,15,366,pico_aislado,suavizado_a015
1717,2022,1228.8199999999747,False,0.03287671232876712,12,365,pico_aislado,suavizado_a015
1717,2023,1352.6799999999826,False,0.0410958904109589,15,365,pico_aislado,suavizado_a015
1717,2024,1467.9999999999743,False,0.040983606557377046,15,366,pico_aislado,suavizado_a015
1791,2022,100.55999999999793,False,0.03287671232876712,12,365,pico_aislado,suavizado_a015
1791,2023,115.5499999999985,False,0.0410958904109589,15,365,pico_aislado,suavizado_a015
1791,2024,127.99999999999775,False,0.040983606557377046,15,366,pico_aislado,suavizado_a015
1835,2022,1674.2199999999657,False,0.03287671232876712,12,365,pico_aislado,suavizado_a015
1835,2023,1537.95999999998,False,0.0410958904109589,15,365,pico_aislado,suavizado_a015
1835,2024,1367.9999999999761,False,0.040983606557377046,15,366,pico_aislado,suavizado_a015
2229,2022,24.21999999999948,False,0.03287671232876712,12,365,pico_aislado,suavizado_a015
2229,2023,27.84999999999963,False,0.0410958904109589,15,365,pico_aislado,suavizado_a015
2229,2024,29.999999999999467,False,0.040983606557377046,15,366,pico_aislado,suavizado_a015
2286,2022,316.97999999999354,False,0.03287671232876712,12,365,pico_aislado,suavizado_a015
2286,2023,368.1699999999953,False,0.0410958904109589,15,365,pico_aislado,suavizado_a015
2286,2024,416.99999999999267,False,0.040983606557377046,15,366,pico_aislado,suavizado_a015
2333,2022,1108.5399999999772,False,0.03287671232876712,12,365,pico_aislado,suavizado_a015
2333,2023,1112.3099999999856,False,0.0410958904109589,15,365,pico_aislado,suavizado_a015
2333,2024,1077.9999999999811,False,0.040983606557377046,15,366,pico_aislado,suavizado_a015
2344,2022,392.98999999999194,False,0.03287671232876712,12,365,pico_aislado,suavizado_a015
2344,2023,359.8899999999953,False,0.0410958904109589,15,365,pico_aislado,suavizado_a015
2344,2024,327.99999999999426,False,0.040983606557377046,15,366,pico_aislado,suavizado_a015
2363,2022,1154.2999999999763,False,0.03287671232876712,12,365,pico_aislado,suavizado_a015
2363,2023,1271.2299999999836,False,0.0410958904109589,15,365,pico_aislado,suavizado_a015
2363,2024,1388.9999999999757,False,0.040983606557377046,15,366,pico_aislado,suavizado_a015
2477,2022,26.24999999999945,False,0.03287671232876712,12,365,pico_aislado,suavizado_a015
2477,2023,30.469999999999594,False,0.0410958904109589,15,365,pico_aislado,suavizado_a015
2477,2024,31.99999999999944,False,0.040983606557377046,15,366,pico_aislado,suavizado_a015
2504,2022,1887.2599999999613,True,0.03287671232876712,12,365,top_venta,sin_cambio
2504,2023,1687.2199999999782,False,0.0410958904109589,15,365,pico_aislado,suavizado_a015
2504,2024,1532.9999999999732,False,0.040983606557377046,15,366,pico_aislado,suavizado_a015
2538,2022,1140.4599999999766,False,0.03287671232876712,12,365,pico_aislado,suavizado_a015
2538,2023,1264.9499999999834,False,0.0410958904109589,15,365,pico_aislado,suavizado_a015
2538,2024,1402.9999999999754,False,0.040983606557377046,15,366,pico_aislado,suavizado_a015
2573,2022,973.90999999998,False,0.03287671232876712,12,365,pico_aislado,suavizado_a015
2573,2023,895.5599999999885,False,0.0410958904109589,15,365,pico_aislado,suavizado_a015
2573,2024,803.9999999999859,False,0.040983606557377046,15,366,pico_aislado,suavizado_a015
2591,2022,716.9999999999853,False,0.03287671232876712,12,365,pico_aislado,suavizado_a015
2591,2023,794.8499999999898,False,0.0410958904109589,15,365,pico_aislado,suavizado_a015
2591,2024,877.9999999999847,False,0.040983606557377046,15,366,pico_aislado,suavizado_a015
2599,2022,941.1599999999809,False,0.03287671232876712,12,365,pico_aislado,suavizado_a015
2599,2023,864.8599999999888,False,0.0410958904109589,15,365,pico_aislado,suavizado_a015
2599,2024,788.9999999999862,False,0.040983606557377046,15,366,pico_aislado,suavizado_a015
2656,2022,1477.7399999999698,False,0.03287671232876712,12,365,pico_aislado,suavizado_a015
2656,2023,1361.6399999999826,False,0.0410958904109589,15,365,pico_aislado,suavizado_a015
2656,2024,1312.999999999977,False,0.040983606557377046,15,366,pico_aislado,suavizado_a015
2704,2022,520.9699999999893,False,0.03287671232876712,12,365,pico_aislado,suavizado_a015
2704,2023,454.29999999999416,False,0.0410958904109589,15,365,pico_aislado,suavizado_a015
2704,2024,395.99999999999307,False,0.040983606557377046,15,366,pico_aislado,suavizado_a015
2745,2022,336.44999999999317,False,0.03287671232876712,12,365,pico_aislado,suavizado_a015
2745,2023,345.3299999999955,False,0.0410958904109589,15,365,pico_aislado,suavizado_a015
2745,2024,343.999999999994,False,0.040983606557377046,15,366,pico_aislado,suavizado_a015
2814,2022,831.679999999983,False,0.03287671232876712,12,365,pico_aislado,suavizado_a015
2814,2023,732.9399999999905,False,0.0410958904109589,15,365,pico_aislado,suavizado_a015
2814,2024,640.9999999999887,False,0.040983606557377046,15,366,pico_aislado,suavizado_a015
2888,2022,130.10999999999734,False,0.03287671232876712,12,365,pico_aislado,suavizado_a015
2888,2023,120.70999999999843,False,0.0410958904109589,15,365,pico_aislado,suavizado_a015
2888,2024,113.999999999998,False,0.040983606557377046,15,366,pico_aislado,suavizado_a015
2899,2022,102.73999999999788,False,0.03287671232876712,12,365,pico_aislado,suavizado_a015
2899,2023,117.85999999999846,False,0.0410958904109589,15,365,pico_aislado,suavizado_a015
2899,2024,129.99999999999773,False,0.040983606557377046,15,366,pico_aislado,suavizado_a015
2902,2022,798.0999999999837,False,0.03287671232876712,12,365,pico_aislado,suavizado_a015
2902,2023,745.2199999999904,False,0.0410958904109589,15,365,pico_aislado,suavizado_a015
2902,2024,675.9999999999882,False,0.040983606557377046,15,366,pico_aislado,suavizado_a015
3023,2022,787.139999999984,False,0.03287671232876712,12,365,pico_aislado,suavizado_a015
3023,2023,689.089999999991,False,0.0410958904109589,15,365,pico_aislado,suavizado_a015
3023,2024,642.9999999999887,False,0.040983606557377046,15,366,pico_aislado,suavizado_a015
3029,2022,100.04999999999794,False,0.03287671232876712,12,365,pico_aislado,suavizado_a015
3029,2023,116.73999999999847,False,0.0410958904109589,15,365,pico_aislado,suavizado_a015
3029,2024,125.99999999999778,False,0.040983606557377046,15,366,pico_aislado,suavizado_a015
3241,2022,1171.8899999999758,False,0.03287671232876712,12,365,pico_aislado,suavizado_a015
3241,2023,1169.799999999985,False,0.0410958904109589,15,365,pico_aislado,suavizado_a015
3241,2024,1179.9999999999793,False,0.040983606557377046,15,366,pico_aislado,suavizado_a015
3278,2022,825.9199999999831,False,0.03287671232876712,12,365,pico_aislado,suavizado_a015
3278,2023,893.7499999999885,False,0.0410958904109589,15,365,pico_aislado,suavizado_a015
3278,2024,976.999999999983,False,0.040983606557377046,15,366,pico_aislado,suavizado_a015
3311,2022,859.0899999999823,False,0.03287671232876712,12,365,pico_aislado,suavizado_a015
3311,2023,763.6199999999901,False,0.0410958904109589,15,365,pico_aislado,suavizado_a015
3311,2024,689.999999999988,False,0.040983606557377046,15,366,pico_aislado,suavizado_a015
3329,2022,212.28999999999564,False,0.03287671232876712,12,365,pico_aislado,suavizado_a015
3329,2023,194.16999999999746,False,0.0410958904109589,15,365,pico_aislado,suavizado_a015
3329,2024,171.999999999997,False,0.040983606557377046,15,366,pico_aislado,suavizado_a015
3354,2022,716.8299999999853,False,0.03287671232876712,12,365,pico_aislado,suavizado_a015
3354,2023,804.4199999999895,False,0.0410958904109589,15,365,pico_aislado,suavizado_a015
3354,2024,870.9999999999848,False,0.040983606557377046,15,366,pico_aislado,suavizado_a015
3473,2022,1168.8399999999758,False,0.03287671232876712,12,365,pico_aislado,suavizado_a015
3473,2023,1178.9799999999848,False,0.0410958904109589,15,365,pico_aislado,suavizado_a015
3473,2024,1159.9999999999798,False,0.040983606557377046,15,366,pico_aislado,suavizado_a015
3514,2022,42.7999999999991,False,0.03287671232876712,12,365,pico_aislado,suavizado_a015
3514,2023,46.61999999999939,False,0.0410958904109589,15,365,pico_aislado,suavizado_a015
3514,2024,49.99999999999912,False,0.040983606557377046,15,366,pico_aislado,suavizado_a015
3529,2022,1329.7699999999727,False,0.03287671232876712,12,365,pico_aislado,suavizado_a015
3529,2023,1324.5699999999829,False,0.0410958904109589,15,365,pico_aislado,suavizado_a015
3529,2024,1340.9999999999766,False,0.040983606557377046,15,366,pico_aislado,suavizado_a015
3542,2022,1132.4399999999769,False,0.03287671232876712,12,365,pico_aislado,suavizado_a015
3542,2023,1142.409999999985,False,0.0410958904109589,15,365,pico_aislado,suavizado_a015
3542,2024,1152.9999999999798,False,0.040983606557377046,15,366,pico_aislado,suavizado_a015
3662,2022,1153.2199999999764,False,0.03287671232876712,12,365,pico_aislado,suavizado_a015
3662,2023,1017.7099999999868,False,0.0410958904109589,15,365,pico_aislado,suavizado_a015
3662,2024,936.9999999999836,False,0.040983606557377046,15,366,pico_aislado,suavizado_a015
3780,2022,969.80999999998,False,0.03287671232876712,12,365,pico_aislado,suavizado_a015
3780,2023,1046.1699999999867,False,0.0410958904109589,15,365,pico_aislado,suavizado_a015
3780,2024,1150.9999999999798,False,0.040983606557377046,15,366,pico_aislado,suavizado_a015
3847,2022,441.609999999991,False,0.03287671232876712,12,365,pico_aislado,suavizado_a015
3847,2023,436.4899999999944,False,0.0410958904109589,15,365,pico_aislado,suavizado_a015
3847,2024,437.9999999999923,False,0.040983606557377046,15,366,pico_aislado,suavizado_a015
3848,2022,573.7299999999883,False,0.03287671232876712,12,365,pico_aislado,suavizado_a015
3848,2023,531.5799999999932,False,0.0410958904109589,15,365,pico_aislado,suavizado_a015
3848,2024,474.99999999999164,False,0.040983606557377046,15,366,pico_aislado,suavizado_a015
3850,2022,141.92999999999708,False,0.03287671232876712,12,365,pico_aislado,suavizado_a015
3850,2023,144.27999999999813,False,0.0410958904109589,15,365,pico_aislado,suavizado_a015
3850,2024,143.99999999999747,False,0.040983606557377046,15,366,pico_aislado,suavizado_a015
4033,2022,580.9999999999881,False,0.03287671232876712,12,365,pico_aislado,suavizado_a015
4033,2023,587.7499999999924,False,0.0410958904109589,15,365,pico_aislado,suavizado_a015
4033,2024,577.9999999999899,False,0.040983606557377046,15,366,pico_aislado,suavizado_a015
4039,2022,318.32999999999345,False,0.03287671232876712,12,365,pico_aislado,suavizado_a015
4039,2023,310.81999999999596,False,0.0410958904109589,15,365,pico_aislado,suavizado_a015
4039,2024,301.9999999999947,False,0.040983606557377046,15,366,pico_aislado,suavizado_a015
4102,2022,950.0899999999805,False,0.03287671232876712,12,365,pico_aislado,suavizado_a015
4102,2023,883.5299999999886,False,0.0410958904109589,15,365,pico_aislado,suavizado_a015
4102,2024,772.9999999999865,False,0.040983606557377046,15,366,pico_aislado,suavizado_a015
4205,2022,1300.8199999999733,False,0.03287671232876712,12,365,pico_aislado,suavizado_a015
4205,2023,1421.1899999999816,False,0.0410958904109589,15,365,pico_aislado,suavizado_a015
4205,2024,1578.9999999999723,False,0.040983606557377046,15,366,pico_aislado,suavizado_a015
4244,2022,1077.679999999978,False,0.03287671232876712,12,365,pico_aislado,suavizado_a015
4244,2023,1203.8999999999846,False,0.0410958904109589,15,365,pico_aislado,suavizado_a015
4244,2024,1295.9999999999773,False,0.040983606557377046,15,366,pico_aislado,suavizado_a015
4297,2022,511.77999999998946,False,0.03287671232876712,12,365,pico_aislado,suavizado_a015
4297,2023,447.0899999999942,False,0.0410958904109589,15,365,pico_aislado,suavizado_a015
4297,2024,420.9999999999926,False,0.040983606557377046,15,366,pico_aislado,suavizado_a015
4376,2022,209.64999999999569,False,0.03287671232876712,12,365,pico_aislado,suavizado_a015
4376,2023,246.33999999999682,False,0.0410958904109589,15,365,pico_aislado,suavizado_a015
4376,2024,272.9999999999952,False,0.040983606557377046,15,366,pico_aislado,suavizado_a015
4403,2022,874.4799999999822,False,0.03287671232876712,12,365,pico_aislado,suavizado_a015
4403,2023,969.5099999999875,False,0.0410958904109589,15,365,pico_aislado,suavizado_a015
4403,2024,1037.9999999999818,False,0.040983606557377046,15,366,pico_aislado,suavizado_a015
4408,2022,128.35999999999737,False,0.03287671232876712,12,365,pico_aislado,suavizado_a015
4408,2023,111.73999999999855,False,0.0410958904109589,15,365,pico_aislado,suavizado_a015
4408,2024,98.99999999999825,False,0.040983606557377046,15,366,pico_aislado,suavizado_a015
4555,2022,1681.7499999999654,False,0.03287671232876712,12,365,pico_aislado,suavizado_a015
4555,2023,1683.9799999999782,False,0.0410958904109589,15,365,pico_aislado,suavizado_a015
4555,2024,1685.9999999999704,False,0.040983606557377046,15,366,pico_aislado,suavizado_a015
4562,2022,222.79999999999544,False,0.03287671232876712,12,365,pico_aislado,suavizado_a015
4562,2023,259.10999999999666,False,0.0410958904109589,15,365,pico_aislado,suavizado_a015
4562,2024,289.99999999999494,False,0.040983606557377046,15,366,pico_aislado,suavizado_a015
4584,2022,1549.339999999968,False,0.03287671232876712,12,365,pico_aislado,suavizado_a015
4584,2023,1779.3599999999772,False,0.0410958904109589,15,365,pico_aislado,suavizado_a015
4584,2024,1986.9999999999652,True,0.040983606557377046,15,366,top_venta,sin_cambio
4695,2022,1188.0599999999756,False,0.03287671232876712,12,365,pico_aislado,suavizado_a015
4695,2023,1093.899999999986,False,0.0410958904109589,15,365,pico_aislado,suavizado_a015
4695,2024,1057.9999999999816,False,0.040983606557377046,15,366,pico_aislado,suavizado_a015
4731,2022,1038.7499999999786,False,0.03287671232876712,12,365,pico_aislado,suavizado_a015
4731,2023,1188.5499999999845,False,0.0410958904109589,15,365,pico_aislado,suavizado_a015
4731,2024,1297.9999999999773,False,0.040983606557377046,15,366,pico_aislado,suavizado_a015
4826,2022,1166.4499999999762,False,0.03287671232876712,12,365,pico_aislado,suavizado_a015
4826,2023,1172.7199999999848,False,0.0410958904109589,15,365,pico_aislado,suavizado_a015
4826,2024,1163.9999999999795,False,0.040983606557377046,15,366,pico_aislado,suavizado_a015
4849,2022,1277.129999999974,False,0.03287671232876712,12,365,pico_aislado,suavizado_a015
4849,2023,1278.4399999999835,False,0.0410958904109589,15,365,pico_aislado,suavizado_a015
4849,2024,1283.9999999999775,False,0.040983606557377046,15,366,pico_aislado,suavizado_a015
4891,2022,718.2399999999852,False,0.03287671232876712,12,365,pico_aislado,suavizado_a015
4891,2023,775.8999999999901,False,0.0410958904109589,15,365,pico_aislado,suavizado_a015
4891,2024,845.9999999999852,False,0.040983606557377046,15,366,pico_aislado,suavizado_a015
4913,2022,717.1399999999853,False,0.03287671232876712,12,365,pico_aislado,suavizado_a015
4913,2023,806.5999999999897,False,0.0410958904109589,15,365,pico_aislado,suavizado_a015
4913,2024,859.999999999985,False,0.040983606557377046,15,366,pico_aislado,suavizado_a015
4917,2022,385.5999999999921,False,0.03287671232876712,12,365,pico_aislado,suavizado_a015
4917,2023,350.61999999999546,False,0.0410958904109589,15,365,pico_aislado,suavizado_a015
4917,2024,312.9999999999945,False,0.040983606557377046,15,366,pico_aislado,suavizado_a015
4943,2022,10.03999999999978,False,0.03287671232876712,12,365,pico_aislado,suavizado_a015
4943,2023,8.769999999999865,False,0.0410958904109589,15,365,pico_aislado,suavizado_a015
4943,2024,7.99999999999986,False,0.040983606557377046,15,366,pico_aislado,suavizado_a015
4960,2022,61.00999999999873,False,0.03287671232876712,12,365,pico_aislado,suavizado_a015
4960,2023,71.28999999999907,False,0.0410958904109589,15,365,pico_aislado,suavizado_a015
4960,2024,80.99999999999858,False,0.040983606557377046,15,366,pico_aislado,suavizado_a015
5017,2022,548.1799999999887,False,0.03287671232876712,12,365,pico_aislado,suavizado_a015
5017,2023,482.5699999999938,False,0.0410958904109589,15,365,pico_aislado,suavizado_a015
5017,2024,421.9999999999926,False,0.040983606557377046,15,366,pico_aislado,suavizado_a015
5023,2022,333.1599999999932,False,0.03287671232876712,12,365,pico_aislado,suavizado_a015
5023,2023,334.09999999999565,False,0.0410958904109589,15,365,pico_aislado,suavizado_a015
5023,2024,516.9999999999909,False,0.040983606557377046,15,366,pico_aislado,suavizado_a015
5124,2022,618.7899999999872,False,0.03287671232876712,12,365,pico_aislado,suavizado_a015
5124,2023,696.9399999999911,False,0.0410958904109589,15,365,pico_aislado,suavizado_a015
5124,2024,757.9999999999867,False,0.040983606557377046,15,366,pico_aislado,suavizado_a015
5170,2022,328.35999999999325,False,0.03287671232876712,12,365,pico_aislado,suavizado_a015
5170,2023,362.37999999999533,False,0.0410958904109589,15,365,pico_aislado,suavizado_a015
5170,2024,393.9999999999931,False,0.040983606557377046,15,366,pico_aislado,suavizado_a015
5171,2022,578.6499999999882,False,0.03287671232876712,12,365,pico_aislado,suavizado_a015
5171,2023,524.4099999999933,False,0.0410958904109589,15,365,pico_aislado,suavizado_a015
5171,2024,493.9999999999913,False,0.040983606557377046,15,366,pico_aislado,suavizado_a015
5215,2022,1254.5399999999743,False,0.03287671232876712,12,365,pico_aislado,suavizado_a015
5215,2023,1121.1999999999855,False,0.0410958904109589,15,365,pico_aislado,suavizado_a015
5215,2024,1089.999999999981,False,0.040983606557377046,15,366,pico_aislado,suavizado_a015
5230,2022,373.9499999999923,False,0.03287671232876712,12,365,pico_aislado,suavizado_a015
5230,2023,438.2699999999943,False,0.0410958904109589,15,365,pico_aislado,suavizado_a015
5230,2024,482.99999999999153,False,0.040983606557377046,15,366,pico_aislado,suavizado_a015
5244,2022,93.57999999999807,False,0.03287671232876712,12,365,pico_aislado,suavizado_a015
5244,2023,96.25999999999875,False,0.0410958904109589,15,365,pico_aislado,suavizado_a015
5244,2024,220.49999999999613,False,0.040983606557377046,15,366,pico_aislado,suavizado_a015
5279,2022,169.8199999999965,False,0.03287671232876712,12,365,pico_aislado,suavizado_a015
5279,2023,194.0999999999975,False,0.0410958904109589,15,365,pico_aislado,suavizado_a015
5279,2024,218.99999999999616,False,0.040983606557377046,15,366,pico_aislado,suavizado_a015
5405,2022,1453.5999999999704,False,0.03287671232876712,12,365,pico_aislado,suavizado_a015
5405,2023,1342.6799999999826,False,0.0410958904109589,15,365,pico_aislado,suavizado_a015
5405,2024,1214.9999999999786,False,0.040983606557377046,15,366,pico_aislado,suavizado_a015
5477,2022,291.33999999999406,False,0.03287671232876712,12,365,pico_aislado,suavizado_a015
5477,2023,316.3099999999959,False,0.0410958904109589,15,365,pico_aislado,suavizado_a015
5477,2024,427.9999999999925,False,0.040983606557377046,15,366,pico_aislado,suavizado_a015
5546,2022,686.2699999999859,False,0.03287671232876712,12,365,pico_aislado,suavizado_a015
5546,2023,761.9599999999901,False,0.0410958904109589,15,365,pico_aislado,suavizado_a015
5546,2024,852.999999999985,False,0.040983606557377046,15,366,pico_aislado,suavizado_a015
5641,2022,147.60999999999697,False,0.03287671232876712,12,365,pico_aislado,suavizado_a015
5641,2023,134.02999999999827,False,0.0410958904109589,15,365,pico_aislado,suavizado_a015
5641,2024,123.99999999999783,False,0.040983606557377046,15,366,pico_aislado,suavizado_a015
5745,2022,997.1899999999795,False,0.03287671232876712,12,365,pico_aislado,suavizado_a015
5745,2023,1000.769999999987,False,0.0410958904109589,15,365,pico_aislado,suavizado_a015
5745,2024,989.9999999999826,False,0.040983606557377046,15,366,pico_aislado,suavizado_a015
5788,2022,174.3399999999964,False,0.03287671232876712,12,365,pico_aislado,suavizado_a015
5788,2023,161.03999999999795,False,0.0410958904109589,15,365,pico_aislado,suavizado_a015
5788,2024,361.99999999999363,False,0.040983606557377046,15,366,pico_aislado,suavizado_a015
5845,2022,1254.5999999999742,False,0.03287671232876712,12,365,pico_aislado,suavizado_a015
5845,2023,1248.6599999999837,False,0.0410958904109589,15,365,pico_aislado,suavizado_a015
5845,2024,1263.999999999978,False,0.040983606557377046,15,366,pico_aislado,suavizado_a015
5848,2022,1056.4099999999783,False,0.03287671232876712,12,365,pico_aislado,suavizado_a015
5848,2023,950.4899999999877,False,0.0410958904109589,15,365,pico_aislado,suavizado_a015
5848,2024,865.9999999999849,False,0.040983606557377046,15,366,pico_aislado,suavizado_a015
5858,2022,488.85999999998995,False,0.03287671232876712,12,365,pico_aislado,suavizado_a015
5858,2023,452.49999999999415,False,0.0410958904109589,15,365,pico_aislado,suavizado_a015
5858,2024,415.9999999999927,False,0.040983606557377046,15,366,pico_aislado,suavizado_a015
5860,2022,443.1099999999909,False,0.03287671232876712,12,365,pico_aislado,suavizado_a015
5860,2023,506.3599999999935,False,0.0410958904109589,15,365,pico_aislado,suavizado_a015
5860,2024,516.9999999999909,False,0.040983606557377046,15,366,pico_aislado,suavizado_a015
5862,2022,1019.889999999979,False,0.03287671232876712,12,365,pico_aislado,suavizado_a015
5862,2023,1019.4299999999869,False,0.0410958904109589,15,365,pico_aislado,suavizado_a015
5862,2024,968.9999999999831,False,0.040983606557377046,15,366,pico_aislado,suavizado_a015
5907,2022,1350.1099999999724,False,0.03287671232876712,12,365,pico_aislado,suavizado_a015
5907,2023,1357.3999999999826,False,0.0410958904109589,15,365,pico_aislado,suavizado_a015
5907,2024,1408.9999999999752,False,0.040983606557377046,15,366,pico_aislado,suavizado_a015
5916,2022,406.01999999999174,False,0.03287671232876712,12,365,pico_aislado,suavizado_a015
5916,2023,448.1399999999942,False,0.0410958904109589,15,365,pico_aislado,suavizado_a015
5916,2024,479.9999999999916,False,0.040983606557377046,15,366,pico_aislado,suavizado_a015
5926,2022,21.07999999999955,False,0.03287671232876712,12,365,pico_aislado,suavizado_a015
5926,2023,19.029999999999745,False,0.0410958904109589,15,365,pico_aislado,suavizado_a015
5926,2024,17.99999999999968,False,0.040983606557377046,15,366,pico_aislado,suavizado_a015
5928,2022,821.0599999999831,False,0.03287671232876712,12,365,pico_aislado,suavizado_a015
5928,2023,827.9999999999893,False,0.0410958904109589,15,365,pico_aislado,suavizado_a015
5928,2024,848.9999999999851,False,0.040983606557377046,15,366,pico_aislado,suavizado_a015
5934,2022,410.8699999999916,False,0.03287671232876712,12,365,pico_aislado,suavizado_a015
5934,2023,459.9799999999941,False,0.0410958904109589,15,365,pico_aislado,suavizado_a015
5934,2024,515.999999999991,False,0.040983606557377046,15,366,pico_aislado,suavizado_a015
5937,2022,357.93999999999266,False,0.03287671232876712,12,365,pico_aislado,suavizado_a015
5937,2023,315.1999999999959,False,0.0410958904109589,15,365,pico_aislado,suavizado_a015
5937,2024,279.9999999999951,False,0.040983606557377046,15,366,pico_aislado,suavizado_a015
5942,2022,741.6999999999848,False,0.03287671232876712,12,365,pico_aislado,suavizado_a015
5942,2023,749.6699999999904,False,0.0410958904109589,15,365,pico_aislado,suavizado_a015
5942,2024,755.9999999999868,False,0.040983606557377046,15,366,pico_aislado,suavizado_a015
5943,2022,1008.9499999999794,False,0.03287671232876712,12,365,pico_aislado,suavizado_a015
5943,2023,1027.0199999999868,False,0.0410958904109589,15,365,pico_aislado,suavizado_a015
5943,2024,964.9999999999831,False,0.040983606557377046,15,366,pico_aislado,suavizado_a015
5949,2022,708.6399999999855,False,0.03287671232876712,12,365,pico_aislado,suavizado_a015
5949,2023,772.1999999999899,False,0.0410958904109589,15,365,pico_aislado,suavizado_a015
5949,2024,861.9999999999849,False,0.040983606557377046,15,366,pico_aislado,suavizado_a015
5953,2022,1026.8199999999788,False,0.03287671232876712,12,365,pico_aislado,suavizado_a015
5953,2023,1144.5599999999852,False,0.0410958904109589,15,365,pico_aislado,suavizado_a015
5953,2024,1170.9999999999795,False,0.040983606557377046,15,366,pico_aislado,suavizado_a015
5955,2022,346.3199999999929,False,0.03287671232876712,12,365,pico_aislado,suavizado_a015
5955,2023,317.34999999999593,False,0.0410958904109589,15,365,pico_aislado,suavizado_a015
5955,2024,291.9999999999949,False,0.040983606557377046,15,366,pico_aislado,suavizado_a015
5956,2022,1469.59999999997,False,0.03287671232876712,12,365,pico_aislado,suavizado_a015
5956,2023,1352.5799999999824,False,0.0410958904109589,15,365,pico_aislado,suavizado_a015
5956,2024,1256.999999999978,False,0.040983606557377046,15,366,pico_aislado,suavizado_a015
5958,2022,935.4699999999809,False,0.03287671232876712,12,365,pico_aislado,suavizado_a015
5958,2023,825.4999999999893,False,0.0410958904109589,15,365,pico_aislado,suavizado_a015
5958,2024,749.9999999999868,False,0.040983606557377046,15,366,pico_aislado,suavizado_a015
5960,2022,976.04999999998,False,0.03287671232876712,12,365,pico_aislado,suavizado_a015
5960,2023,921.4999999999881,False,0.0410958904109589,15,365,pico_aislado,suavizado_a015
5960,2024,895.9999999999843,False,0.040983606557377046,15,366,pico_aislado,suavizado_a015
6335,2022,1239.0499999999745,False,0.03287671232876712,12,365,pico_aislado,suavizado_a015
6335,2023,1244.399999999984,False,0.0410958904109589,15,365,pico_aislado,suavizado_a015
6335,2024,1263.999999999978,False,0.040983606557377046,15,366,pico_aislado,suavizado_a015
6529,2022,1201.2799999999756,False,0.03287671232876712,12,365,pico_aislado,suavizado_a015
6529,2023,1085.8099999999858,False,0.0410958904109589,15,365,pico_aislado,suavizado_a015
6529,2024,1007.9999999999823,False,0.040983606557377046,15,366,pico_aislado,suavizado_a015
6548,2022,1893.309999999961,True,0.03287671232876712,12,365,top_venta,sin_cambio
6548,2023,1701.749999999978,False,0.0410958904109589,15,365,pico_aislado,suavizado_a015
6548,2024,1534.9999999999732,False,0.040983606557377046,15,366,pico_aislado,suavizado_a015
6565,2022,1092.2799999999775,False,0.03287671232876712,12,365,pico_aislado,suavizado_a015
6565,2023,1082.2199999999862,False,0.0410958904109589,15,365,pico_aislado,suavizado_a015
6565,2024,1075.9999999999811,False,0.040983606557377046,15,366,pico_aislado,suavizado_a015
6648,2022,1156.7999999999763,False,0.03287671232876712,12,365,pico_aislado,suavizado_a015
6648,2023,1163.409999999985,False,0.0410958904109589,15,365,pico_aislado,suavizado_a015
6648,2024,1153.9999999999798,False,0.040983606557377046,15,366,pico_aislado,suavizado_a015
6676,2022,266.66999999999456,False,0.03287671232876712,12,365,pico_aislado,suavizado_a015
6676,2023,281.4099999999964,False,0.0410958904109589,15,365,pico_aislado,suavizado_a015
6676,2024,312.9999999999945,False,0.040983606557377046,15,366,pico_aislado,suavizado_a015
6690,2022,829.7099999999831,False,0.03287671232876712,12,365,pico_aislado,suavizado_a015
6690,2023,743.0399999999903,False,0.0410958904109589,15,365,pico_aislado,suavizado_a015
6690,2024,685.9999999999881,False,0.040983606557377046,15,366,pico_aislado,suavizado_a015
6693,2022,271.36999999999443,False,0.03287671232876712,12,365,pico_aislado,suavizado_a015
6693,2023,299.21999999999616,False,0.0410958904109589,15,365,pico_aislado,suavizado_a015
6693,2024,339.99999999999403,False,0.040983606557377046,15,366,pico_aislado,suavizado_a015
6767,2022,368.87999999999244,False,0.03287671232876712,12,365,pico_aislado,suavizado_a015
6767,2023,334.2399999999957,False,0.0410958904109589,15,365,pico_aislado,suavizado_a015
6767,2024,292.9999999999949,False,0.040983606557377046,15,366,pico_aislado,suavizado_a015
6885,2022,313.1099999999936,False,0.03287671232876712,12,365,pico_aislado,suavizado_a015
6885,2023,349.85999999999547,False,0.0410958904109589,15,365,pico_aislado,suavizado_a015
6885,2024,395.99999999999307,False,0.040983606557377046,15,366,pico_aislado,suavizado_a015
6925,2022,505.3299999999897,False,0.03287671232876712,12,365,pico_aislado,suavizado_a015
6925,2023,567.1899999999927,False,0.0410958904109589,15,365,pico_aislado,suavizado_a015
6925,2024,600.9999999999894,False,0.040983606557377046,15,366,pico_aislado,suavizado_a015
6961,2022,1131.409999999977,False,0.03287671232876712,12,365,pico_aislado,suavizado_a015
6961,2023,1141.6099999999853,False,0.0410958904109589,15,365,pico_aislado,suavizado_a015
6961,2024,1176.9999999999793,False,0.040983606557377046,15,366,pico_aislado,suavizado_a015
6971,2022,388.66999999999206,False,0.03287671232876712,12,365,pico_aislado,suavizado_a015
6971,2023,351.3099999999954,False,0.0410958904109589,15,365,pico_aislado,suavizado_a015
6971,2024,316.99999999999443,False,0.040983606557377046,15,366,pico_aislado,suavizado_a015
6988,2022,8.669999999999805,False,0.03287671232876712,12,365,pico_aislado,suavizado_a015
6988,2023,7.729999999999883,False,0.0410958904109589,15,365,pico_aislado,suavizado_a015
6988,2024,6.9999999999998765,False,0.040983606557377046,15,366,pico_aislado,suavizado_a015
7032,2022,576.5599999999881,False,0.03287671232876712,12,365,pico_aislado,suavizado_a015
7032,2023,643.2899999999917,False,0.0410958904109589,15,365,pico_aislado,suavizado_a015
7032,2024,672.9999999999883,False,0.040983606557377046,15,366,pico_aislado,suavizado_a015
7104,2022,976.98999999998,False,0.03287671232876712,12,365,pico_aislado,suavizado_a015
7104,2023,896.9299999999885,False,0.0410958904109589,15,365,pico_aislado,suavizado_a015
7104,2024,828.9999999999854,False,0.040983606557377046,15,366,pico_aislado,suavizado_a015
7121,2022,522.9899999999893,False,0.03287671232876712,12,365,pico_aislado,suavizado_a015
7121,2023,468.84999999999394,False,0.0410958904109589,15,365,pico_aislado,suavizado_a015
7121,2024,427.9999999999925,False,0.040983606557377046,15,366,pico_aislado,suavizado_a015
7137,2022,117.64999999999758,False,0.03287671232876712,12,365,pico_aislado,suavizado_a015
7137,2023,102.38999999999866,False,0.0410958904109589,15,365,pico_aislado,suavizado_a015
7137,2024,93.99999999999834,False,0.040983606557377046,15,366,pico_aislado,suavizado_a015
7165,2022,1433.8299999999706,False,0.03287671232876712,12,365,pico_aislado,suavizado_a015
7165,2023,1429.1699999999817,False,0.0410958904109589,15,365,pico_aislado,suavizado_a015
7165,2024,1462.9999999999743,False,0.040983606557377046,15,366,pico_aislado,suavizado_a015
7298,2022,475.4699999999903,False,0.03287671232876712,12,365,pico_aislado,suavizado_a015
7298,2023,537.049999999993,False,0.0410958904109589,15,365,pico_aislado,suavizado_a015
7298,2024,587.9999999999897,False,0.040983606557377046,15,366,pico_aislado,suavizado_a015
7319,2022,1497.9699999999693,False,0.03287671232876712,12,365,pico_aislado,suavizado_a015
7319,2023,1516.6099999999806,False,0.0410958904109589,15,365,pico_aislado,suavizado_a015
7319,2024,1483.999999999974,False,0.040983606557377046,15,366,pico_aislado,suavizado_a015
7349,2022,1231.4899999999748,False,0.03287671232876712,12,365,pico_aislado,suavizado_a015
7349,2023,1109.1499999999858,False,0.0410958904109589,15,365,pico_aislado,suavizado_a015
7349,2024,1002.9999999999824,False,0.040983606557377046,15,366,pico_aislado,suavizado_a015
7398,2022,1639.8899999999664,False,0.03287671232876712,12,365,pico_aislado,suavizado_a015
7398,2023,1631.1199999999787,False,0.0410958904109589,15,365,pico_aislado,suavizado_a015
7398,2024,1625.9999999999716,False,0.040983606557377046,15,366,pico_aislado,suavizado_a015
7455,2022,6.609999999999848,False,0.03287671232876712,12,365,pico_aislado,suavizado_a015
7455,2023,7.71999999999988,False,0.0410958904109589,15,365,pico_aislado,suavizado_a015
7455,2024,7.99999999999986,False,0.040983606557377046,15,366,pico_aislado,suavizado_a015
7456,2022,52.13999999999892,False,0.03287671232876712,12,365,pico_aislado,suavizado_a015
7456,2023,49.349999999999355,False,0.0410958904109589,15,365,pico_aislado,suavizado_a015
7456,2024,42.99999999999924,False,0.040983606557377046,15,366,pico_aislado,suavizado_a015
7495,2022,26.929999999999435,False,0.03287671232876712,12,365,pico_aislado,suavizado_a015
7495,2023,23.64999999999967,False,0.0410958904109589,15,365,pico_aislado,suavizado_a015
7495,2024,21.999999999999613,False,0.040983606557377046,15,366,pico_aislado,suavizado_a015
7579,2022,1527.6599999999685,False,0.03287671232876712,12,365,pico_aislado,suavizado_a015
7579,2023,1532.8299999999801,False,0.0410958904109589,15,365,pico_aislado,suavizado_a015
7579,2024,1524.9999999999734,False,0.040983606557377046,15,366,pico_aislado,suavizado_a015
7694,2022,1839.7299999999623,False,0.03287671232876712,12,365,pico_aislado,suavizado_a015
7694,2023,1835.3999999999764,True,0.0410958904109589,15,365,top_venta,sin_cambio
7694,2024,1823.999999999968,True,0.040983606557377046,15,366,top_venta,sin_cambio
7756,2022,1139.1699999999767,False,0.03287671232876712,12,365,pico_aislado,suavizado_a015
7756,2023,1238.239999999984,False,0.0410958904109589,15,365,pico_aislado,suavizado_a015
7756,2024,1338.9999999999766,False,0.040983606557377046,15,366,pico_aislado,suavizado_a015
7845,2022,1609.689999999967,False,0.03287671232876712,12,365,pico_aislado,suavizado_a015
7845,2023,1608.6999999999794,False,0.0410958904109589,15,365,pico_aislado,suavizado_a015
7845,2024,1636.9999999999714,False,0.040983606557377046,15,366,pico_aislado,suavizado_a015
7851,2022,61.749999999998714,False,0.03287671232876712,12,365,pico_aislado,suavizado_a015
7851,2023,72.25999999999905,False,0.0410958904109589,15,365,pico_aislado,suavizado_a015
7851,2024,76.99999999999865,False,0.040983606557377046,15,366,pico_aislado,suavizado_a015
7860,2022,1866.3099999999617,False,0.03287671232876712,12,365,pico_aislado,suavizado_a015
7860,2023,1862.409999999976,True,0.0410958904109589,15,365,top_venta,sin_cambio
7860,2024,1879.999999999967,True,0.040983606557377046,15,366,top_venta,sin_cambio
7884,2022,579.5099999999882,False,0.03287671232876712,12,365,pico_aislado,suavizado_a015
7884,2023,588.5399999999923,False,0.0410958904109589,15,365,pico_aislado,suavizado_a015
7884,2024,549.9999999999903,False,0.040983606557377046,15,366,pico_aislado,suavizado_a015
7893,2022,505.93999999998965,False,0.03287671232876712,12,365,pico_aislado,suavizado_a015
7893,2023,458.5599999999941,False,0.0410958904109589,15,365,pico_aislado,suavizado_a015
7893,2024,427.9999999999925,False,0.040983606557377046,15,366,pico_aislado,suavizado_a015
7940,2022,610.2199999999875,False,0.03287671232876712,12,365,pico_aislado,suavizado_a015
7940,2023,538.5799999999931,False,0.0410958904109589,15,365,pico_aislado,suavizado_a015
7940,2024,476.99999999999164,False,0.040983606557377046,15,366,pico_aislado,suavizado_a015
7962,2022,1920.6699999999607,True,0.03287671232876712,12,365,top_venta,sin_cambio
7962,2023,1754.6999999999775,False,0.0410958904109589,15,365,pico_aislado,suavizado_a015
7962,2024,1559.9999999999727,False,0.040983606557377046,15,366,pico_aislado,suavizado_a015
8117,2022,1522.2399999999689,False,0.03287671232876712,12,365,pico_aislado,suavizado_a015
8117,2023,1409.8699999999817,False,0.0410958904109589,15,365,pico_aislado,suavizado_a015
8117,2024,1295.9999999999773,False,0.040983606557377046,15,366,pico_aislado,suavizado_a015
8181,2022,297.21999999999395,False,0.03287671232876712,12,365,pico_aislado,suavizado_a015
8181,2023,259.4699999999967,False,0.0410958904109589,15,365,pico_aislado,suavizado_a015
8181,2024,227.999999999996,False,0.040983606557377046,15,366,pico_aislado,suavizado_a015
8281,2022,631.779999999987,False,0.03287671232876712,12,365,pico_aislado,suavizado_a015
8281,2023,549.6699999999929,False,0.0410958904109589,15,365,pico_aislado,suavizado_a015
8281,2024,491.99999999999136,False,0.040983606557377046,15,366,pico_aislado,suavizado_a015
8307,2022,908.8499999999814,False,0.03287671232876712,12,365,pico_aislado,suavizado_a015
8307,2023,972.2899999999873,False,0.0410958904109589,15,365,pico_aislado,suavizado_a015
8307,2024,1041.9999999999818,False,0.040983606557377046,15,366,pico_aislado,suavizado_a015
8347,2022,989.5799999999797,False,0.03287671232876712,12,365,pico_aislado,suavizado_a015
8347,2023,914.8499999999882,False,0.0410958904109589,15,365,pico_aislado,suavizado_a015
8347,2024,828.9999999999854,False,0.040983606557377046,15,366,pico_aislado,suavizado_a015
8366,2022,911.9699999999814,False,0.03287671232876712,12,365,pico_aislado,suavizado_a015
8366,2023,840.669999999989,False,0.0410958904109589,15,365,pico_aislado,suavizado_a015
8366,2024,779.9999999999864,False,0.040983606557377046,15,366,pico_aislado,suavizado_a015
8368,2022,299.7999999999939,False,0.03287671232876712,12,365,pico_aislado,suavizado_a015
8368,2023,348.7499999999955,False,0.0410958904109589,15,365,pico_aislado,suavizado_a015
8368,2024,386.9999999999932,False,0.040983606557377046,15,366,pico_aislado,suavizado_a015
8409,2022,211.32999999999566,False,0.03287671232876712,12,365,pico_aislado,suavizado_a015
8409,2023,185.4699999999976,False,0.0410958904109589,15,365,pico_aislado,suavizado_a015
8409,2024,172.99999999999696,False,0.040983606557377046,15,366,pico_aislado,suavizado_a015
8413,2022,1445.4599999999705,False,0.03287671232876712,12,365,pico_aislado,suavizado_a015
8413,2023,1303.1799999999832,False,0.0410958904109589,15,365,pico_aislado,suavizado_a015
8413,2024,1190.999999999979,False,0.040983606557377046,15,366,pico_aislado,suavizado_a015
8449,2022,1279.5399999999736,False,0.03287671232876712,12,365,pico_aislado,suavizado_a015
8449,2023,1278.0999999999833,False,0.0410958904109589,15,365,pico_aislado,suavizado_a015
8449,2024,1346.9999999999764,False,0.040983606557377046,15,366,pico_aislado,suavizado_a015
8454,2022,87.20999999999819,False,0.03287671232876712,12,365,pico_aislado,suavizado_a015
8454,2023,77.57999999999898,False,0.0410958904109589,15,365,pico_aislado,suavizado_a015
8454,2024,72.9999999999987,False,0.040983606557377046,15,366,pico_aislado,suavizado_a015
8572,2022,273.6799999999944,False,0.03287671232876712,12,365,pico_aislado,suavizado_a015
8572,2023,302.1699999999961,False,0.0410958904109589,15,365,pico_aislado,suavizado_a015
8572,2024,332.99999999999415,False,0.040983606557377046,15,366,pico_aislado,suavizado_a015
8678,2022,1654.4399999999662,False,0.03287671232876712,12,365,pico_aislado,suavizado_a015
8678,2023,1522.2499999999802,False,0.0410958904109589,15,365,pico_aislado,suavizado_a015
8678,2024,1392.9999999999757,False,0.040983606557377046,15,366,pico_aislado,suavizado_a015
8707,2022,863.8399999999823,False,0.03287671232876712,12,365,pico_aislado,suavizado_a015
8707,2023,797.1999999999897,False,0.0410958904109589,15,365,pico_aislado,suavizado_a015
8707,2024,694.9999999999878,False,0.040983606557377046,15,366,pico_aislado,suavizado_a015
8784,2022,236.82999999999515,False,0.03287671232876712,12,365,pico_aislado,suavizado_a015
8784,2023,237.22999999999692,False,0.0410958904109589,15,365,pico_aislado,suavizado_a015
8784,2024,130.9999999999977,False,0.040983606557377046,15,366,pico_aislado,suavizado_a015
8788,2022,53.80999999999888,False,0.03287671232876712,12,365,pico_aislado,suavizado_a015
8788,2023,61.469999999999196,False,0.0410958904109589,15,365,pico_aislado,suavizado_a015
8788,2024,68.99999999999879,False,0.040983606557377046,15,366,pico_aislado,suavizado_a015
8860,2022,11.469999999999747,False,0.03287671232876712,12,365,pico_aislado,suavizado_a015
8860,2023,13.249999999999817,False,0.0410958904109589,15,365,pico_aislado,suavizado_a015
8860,2024,14.99999999999973,False,0.040983606557377046,15,366,pico_aislado,suavizado_a015
8940,2022,949.4199999999805,False,0.03287671232876712,12,365,pico_aislado,suavizado_a015
8940,2023,849.299999999989,False,0.0410958904109589,15,365,pico_aislado,suavizado_a015
8940,2024,768.9999999999866,False,0.040983606557377046,15,366,pico_aislado,suavizado_a015
8950,2022,514.8999999999894,False,0.03287671232876712,12,365,pico_aislado,suavizado_a015
8950,2023,462.91999999999405,False,0.0410958904109589,15,365,pico_aislado,suavizado_a015
8950,2024,409.99999999999284,False,0.040983606557377046,15,366,pico_aislado,suavizado_a015
8977,2022,794.4799999999838,False,0.03287671232876712,12,365,pico_aislado,suavizado_a015
8977,2023,876.9399999999887,False,0.0410958904109589,15,365,pico_aislado,suavizado_a015
8977,2024,963.9999999999831,False,0.040983606557377046,15,366,pico_aislado,suavizado_a015
8988,2022,974.0599999999799,False,0.03287671232876712,12,365,pico_aislado,suavizado_a015
8988,2023,973.5199999999874,False,0.0410958904109589,15,365,pico_aislado,suavizado_a015
8988,2024,978.9999999999828,False,0.040983606557377046,15,366,pico_aislado,suavizado_a015
8990,2022,1583.2699999999675,False,0.03287671232876712,12,365,pico_aislado,suavizado_a015
8990,2023,1582.8099999999795,False,0.0410958904109589,15,365,pico_aislado,suavizado_a015
8990,2024,1612.9999999999718,False,0.040983606557377046,15,366,pico_aislado,suavizado_a015
9012,2022,318.2199999999935,False,0.03287671232876712,12,365,pico_aislado,suavizado_a015
9012,2023,371.41999999999524,False,0.0410958904109589,15,365,pico_aislado,suavizado_a015
9012,2024,401.99999999999295,False,0.040983606557377046,15,366,pico_aislado,suavizado_a015
9324,2022,81.17999999999833,False,0.03287671232876712,12,365,pico_aislado,suavizado_a015
9324,2023,94.30999999999877,False,0.0410958904109589,15,365,pico_aislado,suavizado_a015
9324,2024,101.99999999999821,False,0.040983606557377046,15,366,pico_aislado,suavizado_a015
9341,2022,1493.5899999999692,False,0.03287671232876712,12,365,pico_aislado,suavizado_a015
9341,2023,1503.3599999999808,False,0.0410958904109589,15,365,pico_aislado,suavizado_a015
9341,2024,1533.9999999999732,False,0.040983606557377046,15,366,pico_aislado,suavizado_a015
9365,2022,84.01999999999826,False,0.03287671232876712,12,365,pico_aislado,suavizado_a015
9365,2023,82.05999999999892,False,0.0410958904109589,15,365,pico_aislado,suavizado_a015
9365,2024,114.99999999999798,False,0.040983606557377046,15,366,pico_aislado,suavizado_a015
9449,2022,407.36999999999165,False,0.03287671232876712,12,365,pico_aislado,suavizado_a015
9449,2023,404.7899999999948,False,0.0410958904109589,15,365,pico_aislado,suavizado_a015
9449,2024,382.9999999999933,False,0.040983606557377046,15,366,pico_aislado,suavizado_a015
9450,2022,96.13999999999803,False,0.03287671232876712,12,365,pico_aislado,suavizado_a015
9450,2023,98.50999999999873,False,0.0410958904109589,15,365,pico_aislado,suavizado_a015
9450,2024,94.99999999999834,False,0.040983606557377046,15,366,pico_aislado,suavizado_a015
9451,2022,395.18999999999187,False,0.03287671232876712,12,365,pico_aislado,suavizado_a015
9451,2023,363.3599999999953,False,0.0410958904109589,15,365,pico_aislado,suavizado_a015
9451,2024,334.99999999999415,False,0.040983606557377046,15,366,pico_aislado,suavizado_a015
9464,2022,219.3499999999955,False,0.03287671232876712,12,365,pico_aislado,suavizado_a015
9464,2023,225.21999999999707,False,0.0410958904109589,15,365,pico_aislado,suavizado_a015
9464,2024,226.99999999999602,False,0.040983606557377046,15,366,pico_aislado,suavizado_a015
9471,2022,164.51999999999663,False,0.03287671232876712,12,365,pico_aislado,suavizado_a015
9471,2023,166.69999999999783,False,0.0410958904109589,15,365,pico_aislado,suavizado_a015
9471,2024,173.99999999999693,False,0.040983606557377046,15,366,pico_aislado,suavizado_a015
9577,2022,1355.6499999999724,False,0.03287671232876712,12,365,pico_aislado,suavizado_a015
9577,2023,1356.6299999999826,False,0.0410958904109589,15,365,pico_aislado,suavizado_a015
9577,2024,1330.9999999999768,False,0.040983606557377046,15,366,pico_aislado,suavizado_a015
9578,2022,1251.0499999999743,False,0.03287671232876712,12,365,pico_aislado,suavizado_a015
9578,2023,1152.0899999999851,False,0.0410958904109589,15,365,pico_aislado,suavizado_a015
9578,2024,1032.9999999999818,False,0.040983606557377046,15,366,pico_aislado,suavizado_a015
9580,2022,517.9799999999894,False,0.03287671232876712,12,365,pico_aislado,suavizado_a015
9580,2023,457.51999999999407,False,0.0410958904109589,15,365,pico_aislado,suavizado_a015
9580,2024,446.99999999999216,False,0.040983606557377046,15,366,pico_aislado,suavizado_a015
9608,2022,113.62999999999766,False,0.03287671232876712,12,365,pico_aislado,suavizado_a015
9608,2023,102.63999999999866,False,0.0410958904109589,15,365,pico_aislado,suavizado_a015
9608,2024,89.99999999999841,False,0.040983606557377046,15,366,pico_aislado,suavizado_a015
9614,2022,271.5499999999944,False,0.03287671232876712,12,365,pico_aislado,suavizado_a015
9614,2023,306.269999999996,False,0.0410958904109589,15,365,pico_aislado,suavizado_a015
9614,2024,340.99999999999403,False,0.040983606557377046,15,366,pico_aislado,suavizado_a015
9616,2022,485.72999999999007,False,0.03287671232876712,12,365,pico_aislado,suavizado_a015
9616,2023,442.6699999999942,False,0.0410958904109589,15,365,pico_aislado,suavizado_a015
9616,2024,412.9999999999928,False,0.040983606557377046,15,366,pico_aislado,suavizado_a015
9617,2022,576.4399999999882,False,0.03287671232876712,12,365,pico_aislado,suavizado_a015
9617,2023,513.4099999999934,False,0.0410958904109589,15,365,pico_aislado,suavizado_a015
9617,2024,489.9999999999914,False,0.040983606557377046,15,366,pico_aislado,suavizado_a015
9632,2022,1142.9999999999766,False,0.03287671232876712,12,365,pico_aislado,suavizado_a015
9632,2023,1162.409999999985,False,0.0410958904109589,15,365,pico_aislado,suavizado_a015
9632,2024,1153.9999999999798,False,0.040983606557377046,15,366,pico_aislado,suavizado_a015
9634,2022,303.5099999999938,False,0.03287671232876712,12,365,pico_aislado,suavizado_a015
9634,2023,348.4499999999955,False,0.0410958904109589,15,365,pico_aislado,suavizado_a015
9634,2024,363.99999999999363,False,0.040983606557377046,15,366,pico_aislado,suavizado_a015
9638,2022,123.13999999999747,False,0.03287671232876712,12,365,pico_aislado,suavizado_a015
9638,2023,108.21999999999859,False,0.0410958904109589,15,365,pico_aislado,suavizado_a015
9638,2024,98.99999999999825,False,0.040983606557377046,15,366,pico_aislado,suavizado_a015
9647,2022,414.54999999999154,False,0.03287671232876712,12,365,pico_aislado,suavizado_a015
9647,2023,376.5599999999951,False,0.0410958904109589,15,365,pico_aislado,suavizado_a015
9647,2024,349.99999999999386,False,0.040983606557377046,15,366,pico_aislado,suavizado_a015
9651,2022,873.8699999999819,False,0.03287671232876712,12,365,pico_aislado,suavizado_a015
9651,2023,951.7299999999877,False,0.0410958904109589,15,365,pico_aislado,suavizado_a015
9651,2024,1004.9999999999824,False,0.040983606557377046,15,366,pico_aislado,suavizado_a015
9653,2022,268.2599999999945,False,0.03287671232876712,12,365,pico_aislado,suavizado_a015
9653,2023,307.23999999999603,False,0.0410958904109589,15,365,pico_aislado,suavizado_a015
9653,2024,324.9999999999943,False,0.040983606557377046,15,366,pico_aislado,suavizado_a015
9655,2022,1186.6599999999755,False,0.03287671232876712,12,365,pico_aislado,suavizado_a015
9655,2023,1193.5799999999845,False,0.0410958904109589,15,365,pico_aislado,suavizado_a015
9655,2024,1201.9999999999789,False,0.040983606557377046,15,366,pico_aislado,suavizado_a015
9663,2022,254.0099999999948,False,0.03287671232876712,12,365,pico_aislado,suavizado_a015
9663,2023,284.4499999999963,False,0.0410958904109589,15,365,pico_aislado,suavizado_a015
9663,2024,304.99999999999466,False,0.040983606557377046,15,366,pico_aislado,suavizado_a015
9669,2022,23.079999999999508,False,0.03287671232876712,12,365,pico_aislado,suavizado_a015
9669,2023,24.67999999999966,False,0.0410958904109589,15,365,pico_aislado,suavizado_a015
9669,2024,26.999999999999513,False,0.040983606557377046,15,366,pico_aislado,suavizado_a015
9671,2022,260.81999999999465,False,0.03287671232876712,12,365,pico_aislado,suavizado_a015
9671,2023,242.86999999999685,False,0.0410958904109589,15,365,pico_aislado,suavizado_a015
9671,2024,221.9999999999961,False,0.040983606557377046,15,366,pico_aislado,suavizado_a015
9675,2022,106.50999999999782,False,0.03287671232876712,12,365,pico_aislado,suavizado_a015
9675,2023,121.87999999999842,False,0.0410958904109589,15,365,pico_aislado,suavizado_a015
9675,2024,124.99999999999781,False,0.040983606557377046,15,366,pico_aislado,suavizado_a015
9684,2022,1120.939999999977,False,0.03287671232876712,12,365,pico_aislado,suavizado_a015
9684,2023,1102.7899999999856,False,0.0410958904109589,15,365,pico_aislado,suavizado_a015
9684,2024,1098.9999999999807,False,0.040983606557377046,15,366,pico_aislado,suavizado_a015
9695,2022,313.6299999999936,False,0.03287671232876712,12,365,pico_aislado,suavizado_a015
9695,2023,287.0699999999963,False,0.0410958904109589,15,365,pico_aislado,suavizado_a015
9695,2024,253.99999999999554,False,0.040983606557377046,15,366,pico_aislado,suavizado_a015
9703,2022,371.7399999999924,False,0.03287671232876712,12,365,pico_aislado,suavizado_a015
9703,2023,323.44999999999584,False,0.0410958904109589,15,365,pico_aislado,suavizado_a015
9703,2024,303.99999999999466,False,0.040983606557377046,15,366,pico_aislado,suavizado_a015
9704,2022,49.73999999999897,False,0.03287671232876712,12,365,pico_aislado,suavizado_a015
9704,2023,56.869999999999244,False,0.0410958904109589,15,365,pico_aislado,suavizado_a015
9704,2024,59.99999999999894,False,0.040983606557377046,15,366,pico_aislado,suavizado_a015
9706,2022,206.64999999999577,False,0.03287671232876712,12,365,pico_aislado,suavizado_a015
9706,2023,192.8099999999975,False,0.0410958904109589,15,365,pico_aislado,suavizado_a015
9706,2024,175.9999999999969,False,0.040983606557377046,15,366,pico_aislado,suavizado_a015
9719,2022,498.83999999998974,False,0.03287671232876712,12,365,pico_aislado,suavizado_a015
9719,2023,570.7199999999926,False,0.0410958904109589,15,365,pico_aislado,suavizado_a015
9719,2024,634.9999999999889,False,0.040983606557377046,15,366,pico_aislado,suavizado_a015
9795,2022,912.1399999999815,False,0.03287671232876712,12,365,pico_aislado,suavizado_a015
9795,2023,918.6199999999881,False,0.0410958904109589,15,365,pico_aislado,suavizado_a015
9795,2024,938.9999999999835,False,0.040983606557377046,15,366,pico_aislado,suavizado_a015
9810,2022,285.47999999999416,False,0.03287671232876712,12,365,pico_aislado,suavizado_a015
9810,2023,282.56999999999636,False,0.0410958904109589,15,365,pico_aislado,suavizado_a015
9810,2024,274.99999999999517,False,0.040983606557377046,15,366,pico_aislado,suavizado_a015
9862,2022,777.319999999984,False,0.03287671232876712,12,365,pico_aislado,suavizado_a015
9862,2023,695.509999999991,False,0.0410958904109589,15,365,pico_aislado,suavizado_a015
9862,2024,674.9999999999882,False,0.040983606557377046,15,366,pico_aislado,suavizado_a015
9964,2022,203.29999999999583,False,0.03287671232876712,12,365,pico_aislado,suavizado_a015
9964,2023,232.90999999999698,False,0.0410958904109589,15,365,pico_aislado,suavizado_a015
9964,2024,251.9999999999956,False,0.040983606557377046,15,366,pico_aislado,suavizado_a015
